drop table if exists
    venue ,
    attraction ,
    events ,
    itinerary ,
    personItinerary ,
    personEvent ,
    itineraryEvent ,
    eventGenre ,
    cascade;
CREATE TABLE IF NOT EXISTS usertype (
                                        type_id SERIAL PRIMARY KEY,
                                        type_name varchar(20) UNIQUE
);
​
CREATE TABLE IF NOT EXISTS person (
                                      person_id SERIAL PRIMARY KEY,
                                      email varchar(30) UNIQUE NOT NULL,
                                      password CHARACTER VARYING(32) NOT NULL,
                                      first_name varchar(30) NOT NULL,
                                      last_name varchar(20) NOT NULL,
                                      date_of_birth date NOT NULL,
                                      role CHARACTER VARYING(32) NOT NULL,
                                      salt CHARACTER VARYING(255) NOT NULL,
                                      is_active boolean,
                                      profile_image_id bigint
);
​
-- CREATE TABLE app_user (
--     id SERIAL NOT NULL,
--     user_name CHARACTER VARYING(32) NOT NULL,
--     password CHARACTER VARYING(32) NOT NULL,
--     first_name CHARACTER VARYING(32) NOT NULL,
--     last_name CHARACTER VARYING(32) NOT NULL,
--     role CHARACTER VARYING(32) NOT NULL,
--     salt CHARACTER VARYING(255) NOT NULL,
--     profile_image_id bigint ,
--     active BOOLEAN, PRIMARY KEY (id),
--      UNIQUE (user_name));
​

CREATE TABLE IF NOT EXISTS venue (
                                     venue_id SERIAL PRIMARY KEY,
                                     venue_name varchar(50) UNIQUE,
                                     address TEXT,
                                     city varchar(20),
                                     country varchar(20),
                                     postal_code varchar(10),
                                     longitude float,
                                     latitude float,
                                     timezone varchar(30)
);
​
CREATE TABLE IF NOT EXISTS attraction (
                                          attraction_id SERIAL PRIMARY KEY,
                                          attraction_name varchar(50) UNIQUE,
                                          attraction_type varchar(30),
                                          url TEXT,
                                          image_url TEXT
);
​
CREATE TABLE IF NOT EXISTS events (
                                      event_id SERIAL PRIMARY KEY,
                                      event_name varchar(80), -- UNIQUE,
                                      local_date date,
                                      local_time time,
                                      event_type varchar(50),
                                      promoter varchar(30),
                                      image_url TEXT,
                                      please_note TEXT,
                                      venue_id SERIAL REFERENCES venue(venue_id), --FOREIGN KEY
                                      attraction_id SERIAL REFERENCES attraction(attraction_id), --FOREIGN KEY
                                      is_active boolean,
                                      thumbs_up int,
                                      thumbs_down int
);
​
CREATE TABLE IF NOT EXISTS itinerary (
                                         itinerary_id SERIAL PRIMARY KEY,
                                         itinerary_name varchar(50),
                                         min_total_price integer,
                                         max_total_price integer
);
​
CREATE TABLE IF NOT EXISTS genre (
                                     genre_id SERIAL PRIMARY KEY,
                                     genre_name varchar(20) UNIQUE
);
​
CREATE TABLE IF NOT EXISTS personItinerary (
                                               itinerary_id SERIAL PRIMARY KEY REFERENCES itinerary(itinerary_id), --FOREIGN KEY
                                               person_id SERIAL REFERENCES person(person_id) --FOREIGN KEY
);
​
CREATE TABLE IF NOT EXISTS personEvent (
                                           event_id SERIAL PRIMARY KEY REFERENCES events(event_id), --FOREIGN KEY
                                           person_id SERiAL REFERENCES person(person_id) --FOREIGN KEY
);
​
CREATE TABLE IF NOT EXISTS itineraryEvent (
                                              itinerary_id SERIAL PRIMARY KEY REFERENCES itinerary(itinerary_id), --FOREIGN KEY
                                              event_id SERIAL REFERENCES events(event_id) --FOREIGN KEY
);
​
CREATE TABLE IF NOT EXISTS eventGenre (
                                          event_id SERIAL PRIMARY KEY REFERENCES events(event_id), --FOREIGN KEY
                                          genre_id SERIAL REFERENCES genre(genre_id) --FOREIGN KEY
);
​
CREATE TABLE IF NOT EXISTS personGenre (
                                           genre_id SERIAL PRIMARY KEY REFERENCES genre(genre_id), --FOREIGN KEY
                                           person_id SERIAL REFERENCES person(person_id) --FOREIGN KEY
);

INSERT INTO venue (venue_id, venue_name, address, city, country, postal_code, longitude, latitude, timezone) VALUES (1, 'The O2', 'Peninsula Square', 'London', 'GB', 'SE10 0DX', 0.005519, 51.501581, 'Europe/London');
INSERT INTO venue (venue_id, venue_name, address, city, country, postal_code, longitude, latitude, timezone) VALUES (2, 'Palace Theatre', 'Cambridge Circus, Shaftesbury Avenue', 'London', 'GB', 'W1D 8AY', -0.1297073, 51.5131668, 'Europe/London');
INSERT INTO venue (venue_id, venue_name, address, city, country, postal_code, longitude, latitude, timezone) VALUES (3, 'Tottenham Hotspur Stadium', '782 High Rd', 'London', 'GB', 'N17 0BX', -0.06787, 51.600819, 'Europe/London');
INSERT INTO venue (venue_id, venue_name, address, city, country, postal_code, longitude, latitude, timezone) VALUES (4, 'Wembley Stadium', 'Wembley', 'London', 'GB', 'HA9 0WS', -0.279678, 51.556711, 'Europe/London');

INSERT INTO attraction (attraction_id, attraction_name, attraction_type, url, image_url) VALUES (1, 'Disney On Ice presents Dream Big', 'attraction', 'https://www.ticketmaster.co.uk/disney-on-ice-presents-dream-big-tickets/artist/1638731', 'https://s1.ticketm.net/dam/a/b04/08acb61e-4424-45a8-b27a-1919ebdd6b04_1682041_CUSTOM.jpg');
INSERT INTO attraction (attraction_id, attraction_name, attraction_type, url, image_url) VALUES (2, 'Harry Potter and the Cursed Child (NY)', 'attraction', 'https://www.ticketmaster.co.uk/harry-potter-and-the-cursed-child-tickets/artist/5236936', 'https://s1.ticketm.net/dam/a/5f2/811a0e95-2929-478d-bc36-8784864195f2_1469761_EVENT_DETAIL_PAGE_16_9.jpg');
INSERT INTO attraction (attraction_id, attraction_name, attraction_type, url, image_url) VALUES (3, 'NFL', 'attraction', 'https://www.ticketmaster.ca/nfl-tickets/artist/1803601', 'https://s1.ticketm.net/dam/a/0ba/464eb6f9-96d0-4556-bcbc-3cc36d9590ba_1435051_RETINA_PORTRAIT_3_2.jpg');

INSERT INTO events (event_id, event_name, local_date, local_time, event_type, promoter, image_url, please_note, venue_id, attraction_id, is_active, thumbs_up, thumbs_down) VALUES (1, 'Denver Broncos v Jacksonville Jaguars', '2022-10-30', '13:30:00', 'KZAyXgnZfZ7v7l1', null, 'https://s1.ticketm.net/dam/a/0ba/464eb6f9-96d0-4556-bcbc-3cc36d9590ba_1435051_RETINA_PORTRAIT_3_2.jpg', null, 4, 3, true, null, null);
INSERT INTO events (event_id, event_name, local_date, local_time, event_type, promoter, image_url, please_note, venue_id, attraction_id, is_active, thumbs_up, thumbs_down) VALUES (2, 'Disney On Ice presents Dream Big', '2022-12-22', '10:30:00', 'KZAyXgnZfZ7v7nI', null, 'https://s1.ticketm.net/dam/a/b04/08acb61e-4424-45a8-b27a-1919ebdd6b04_1682041_CUSTOM.jpg', null, 1, 1, true, null, null);
INSERT INTO events (event_id, event_name, local_date, local_time, event_type, promoter, image_url, please_note, venue_id, attraction_id, is_active, thumbs_up, thumbs_down) VALUES (3, 'Disney On Ice presents Dream Big', '2022-12-22', '14:30:00', 'KZAyXgnZfZ7v7nI', null, 'https://s1.ticketm.net/dam/a/b04/08acb61e-4424-45a8-b27a-1919ebdd6b04_1682041_CUSTOM.jpg', null, 1, 1, true, null, null);
INSERT INTO events (event_id, event_name, local_date, local_time, event_type, promoter, image_url, please_note, venue_id, attraction_id, is_active, thumbs_up, thumbs_down) VALUES (4, 'Disney On Ice presents Dream Big', '2022-12-23', '10:30:00', 'KZAyXgnZfZ7v7nI', null, 'https://s1.ticketm.net/dam/a/b04/08acb61e-4424-45a8-b27a-1919ebdd6b04_1682041_CUSTOM.jpg', null, 1, 1, true, null, null);
INSERT INTO events (event_id, event_name, local_date, local_time, event_type, promoter, image_url, please_note, venue_id, attraction_id, is_active, thumbs_up, thumbs_down) VALUES (5, 'Disney On Ice presents Dream Big', '2022-12-23', '14:30:00', 'KZAyXgnZfZ7v7nI', null, 'https://s1.ticketm.net/dam/a/b04/08acb61e-4424-45a8-b27a-1919ebdd6b04_1682041_CUSTOM.jpg', null, 1, 1, true, null, null);
INSERT INTO events (event_id, event_name, local_date, local_time, event_type, promoter, image_url, please_note, venue_id, attraction_id, is_active, thumbs_up, thumbs_down) VALUES (6, 'Disney On Ice presents Dream Big', '2022-12-24', '10:30:00', 'KZAyXgnZfZ7v7nI', null, 'https://s1.ticketm.net/dam/a/b04/08acb61e-4424-45a8-b27a-1919ebdd6b04_1682041_CUSTOM.jpg', null, 1, 1, true, null, null);
INSERT INTO events (event_id, event_name, local_date, local_time, event_type, promoter, image_url, please_note, venue_id, attraction_id, is_active, thumbs_up, thumbs_down) VALUES (7, 'Disney On Ice presents Dream Big', '2022-12-24', '14:30:00', 'KZAyXgnZfZ7v7nI', null, 'https://s1.ticketm.net/dam/a/b04/08acb61e-4424-45a8-b27a-1919ebdd6b04_1682041_CUSTOM.jpg', null, 1, 1, true, null, null);
INSERT INTO events (event_id, event_name, local_date, local_time, event_type, promoter, image_url, please_note, venue_id, attraction_id, is_active, thumbs_up, thumbs_down) VALUES (8, 'Disney On Ice presents Dream Big', '2022-12-26', '14:30:00', 'KZAyXgnZfZ7v7nI', null, 'https://s1.ticketm.net/dam/a/b04/08acb61e-4424-45a8-b27a-1919ebdd6b04_1682041_CUSTOM.jpg', null, 1, 1, true, null, null);
INSERT INTO events (event_id, event_name, local_date, local_time, event_type, promoter, image_url, please_note, venue_id, attraction_id, is_active, thumbs_up, thumbs_down) VALUES (9, 'Disney On Ice presents Dream Big', '2022-12-26', '18:30:00', 'KZAyXgnZfZ7v7nI', null, 'https://s1.ticketm.net/dam/a/b04/08acb61e-4424-45a8-b27a-1919ebdd6b04_1682041_CUSTOM.jpg', null, 1, 1, true, null, null);
INSERT INTO events (event_id, event_name, local_date, local_time, event_type, promoter, image_url, please_note, venue_id, attraction_id, is_active, thumbs_up, thumbs_down) VALUES (10, 'Disney On Ice presents Dream Big', '2022-12-27', '10:30:00', 'KZAyXgnZfZ7v7nI', null, 'https://s1.ticketm.net/dam/a/b04/08acb61e-4424-45a8-b27a-1919ebdd6b04_1682041_CUSTOM.jpg', null, 1, 1, true, null, null);
INSERT INTO events (event_id, event_name, local_date, local_time, event_type, promoter, image_url, please_note, venue_id, attraction_id, is_active, thumbs_up, thumbs_down) VALUES (11, 'Disney On Ice presents Dream Big', '2022-12-27', '14:30:00', 'KZAyXgnZfZ7v7nI', null, 'https://s1.ticketm.net/dam/a/b04/08acb61e-4424-45a8-b27a-1919ebdd6b04_1682041_CUSTOM.jpg', null, 1, 1, true, null, null);
INSERT INTO events (event_id, event_name, local_date, local_time, event_type, promoter, image_url, please_note, venue_id, attraction_id, is_active, thumbs_up, thumbs_down) VALUES (12, 'Disney On Ice presents Dream Big', '2022-12-27', '18:30:00', 'KZAyXgnZfZ7v7nI', null, 'https://s1.ticketm.net/dam/a/b04/08acb61e-4424-45a8-b27a-1919ebdd6b04_1682041_CUSTOM.jpg', null, 1, 1, true, null, null);
INSERT INTO events (event_id, event_name, local_date, local_time, event_type, promoter, image_url, please_note, venue_id, attraction_id, is_active, thumbs_up, thumbs_down) VALUES (13, 'Disney On Ice presents Dream Big', '2022-12-28', '10:30:00', 'KZAyXgnZfZ7v7nI', null, 'https://s1.ticketm.net/dam/a/b04/08acb61e-4424-45a8-b27a-1919ebdd6b04_1682041_CUSTOM.jpg', null, 1, 1, true, null, null);
INSERT INTO events (event_id, event_name, local_date, local_time, event_type, promoter, image_url, please_note, venue_id, attraction_id, is_active, thumbs_up, thumbs_down) VALUES (14, 'Disney On Ice presents Dream Big', '2022-12-28', '14:30:00', 'KZAyXgnZfZ7v7nI', null, 'https://s1.ticketm.net/dam/a/b04/08acb61e-4424-45a8-b27a-1919ebdd6b04_1682041_CUSTOM.jpg', null, 1, 1, true, null, null);
INSERT INTO events (event_id, event_name, local_date, local_time, event_type, promoter, image_url, please_note, venue_id, attraction_id, is_active, thumbs_up, thumbs_down) VALUES (15, 'Disney On Ice presents Dream Big', '2022-12-29', '10:30:00', 'KZAyXgnZfZ7v7nI', null, 'https://s1.ticketm.net/dam/a/b04/08acb61e-4424-45a8-b27a-1919ebdd6b04_1682041_CUSTOM.jpg', null, 1, 1, true, null, null);
INSERT INTO events (event_id, event_name, local_date, local_time, event_type, promoter, image_url, please_note, venue_id, attraction_id, is_active, thumbs_up, thumbs_down) VALUES (16, 'Disney On Ice presents Dream Big', '2022-12-29', '14:30:00', 'KZAyXgnZfZ7v7nI', null, 'https://s1.ticketm.net/dam/a/b04/08acb61e-4424-45a8-b27a-1919ebdd6b04_1682041_CUSTOM.jpg', null, 1, 1, true, null, null);
INSERT INTO events (event_id, event_name, local_date, local_time, event_type, promoter, image_url, please_note, venue_id, attraction_id, is_active, thumbs_up, thumbs_down) VALUES (17, 'Disney On Ice presents Dream Big', '2022-12-30', '14:30:00', 'KZAyXgnZfZ7v7nI', null, 'https://s1.ticketm.net/dam/a/b04/08acb61e-4424-45a8-b27a-1919ebdd6b04_1682041_CUSTOM.jpg', null, 1, 1, true, null, null);
INSERT INTO events (event_id, event_name, local_date, local_time, event_type, promoter, image_url, please_note, venue_id, attraction_id, is_active, thumbs_up, thumbs_down) VALUES (18, 'Disney On Ice presents Dream Big', '2022-12-31', '10:30:00', 'KZAyXgnZfZ7v7nI', null, 'https://s1.ticketm.net/dam/a/b04/08acb61e-4424-45a8-b27a-1919ebdd6b04_1682041_CUSTOM.jpg', null, 1, 1, true, null, null);
INSERT INTO events (event_id, event_name, local_date, local_time, event_type, promoter, image_url, please_note, venue_id, attraction_id, is_active, thumbs_up, thumbs_down) VALUES (19, 'Disney On Ice presents Dream Big', '2022-12-31', '14:30:00', 'KZAyXgnZfZ7v7nI', null, 'https://s1.ticketm.net/dam/a/b04/08acb61e-4424-45a8-b27a-1919ebdd6b04_1682041_CUSTOM.jpg', null, 1, 1, true, null, null);
INSERT INTO events (event_id, event_name, local_date, local_time, event_type, promoter, image_url, please_note, venue_id, attraction_id, is_active, thumbs_up, thumbs_down) VALUES (20, 'Harry Potter and the Cursed Child - Parts 1 & 2 Fri 14:00 & 19:00', '2022-09-09', '13:00:00', 'KZAyXgnZfZ7v7nI', null, 'https://s1.ticketm.net/dam/a/5f2/811a0e95-2929-478d-bc36-8784864195f2_1469761_EVENT_DETAIL_PAGE_16_9.jpg', null, 2, 2, true, null, null);
INSERT INTO events (event_id, event_name, local_date, local_time, event_type, promoter, image_url, please_note, venue_id, attraction_id, is_active, thumbs_up, thumbs_down) VALUES (21, 'Harry Potter and the Cursed Child - Parts 1 & 2 Fri 14:00 & 19:00', '2022-09-16', '13:00:00', 'KZAyXgnZfZ7v7nI', null, 'https://s1.ticketm.net/dam/a/5f2/811a0e95-2929-478d-bc36-8784864195f2_1469761_EVENT_DETAIL_PAGE_16_9.jpg', null, 2, 2, true, null, null);
INSERT INTO events (event_id, event_name, local_date, local_time, event_type, promoter, image_url, please_note, venue_id, attraction_id, is_active, thumbs_up, thumbs_down) VALUES (22, 'Harry Potter and the Cursed Child - Parts 1 & 2 Fri 14:00 & 19:00', '2022-09-23', '13:00:00', 'KZAyXgnZfZ7v7nI', null, 'https://s1.ticketm.net/dam/a/5f2/811a0e95-2929-478d-bc36-8784864195f2_1469761_EVENT_DETAIL_PAGE_16_9.jpg', null, 2, 2, true, null, null);
INSERT INTO events (event_id, event_name, local_date, local_time, event_type, promoter, image_url, please_note, venue_id, attraction_id, is_active, thumbs_up, thumbs_down) VALUES (23, 'Harry Potter and the Cursed Child - Parts 1 & 2 Fri 14:00 & 19:00', '2022-09-30', '13:00:00', 'KZAyXgnZfZ7v7nI', null, 'https://s1.ticketm.net/dam/a/5f2/811a0e95-2929-478d-bc36-8784864195f2_1469761_EVENT_DETAIL_PAGE_16_9.jpg', null, 2, 2, true, null, null);
INSERT INTO events (event_id, event_name, local_date, local_time, event_type, promoter, image_url, please_note, venue_id, attraction_id, is_active, thumbs_up, thumbs_down) VALUES (24, 'Harry Potter and the Cursed Child - Parts 1 & 2 Fri 14:00 & 19:00', '2022-10-07', '13:00:00', 'KZAyXgnZfZ7v7nI', null, 'https://s1.ticketm.net/dam/a/5f2/811a0e95-2929-478d-bc36-8784864195f2_1469761_EVENT_DETAIL_PAGE_16_9.jpg', null, 2, 2, true, null, null);
INSERT INTO events (event_id, event_name, local_date, local_time, event_type, promoter, image_url, please_note, venue_id, attraction_id, is_active, thumbs_up, thumbs_down) VALUES (25, 'Harry Potter and the Cursed Child - Parts 1 & 2 Fri 14:00 & 19:00', '2022-10-21', '13:00:00', 'KZAyXgnZfZ7v7nI', null, 'https://s1.ticketm.net/dam/a/5f2/811a0e95-2929-478d-bc36-8784864195f2_1469761_EVENT_DETAIL_PAGE_16_9.jpg', null, 2, 2, true, null, null);
INSERT INTO events (event_id, event_name, local_date, local_time, event_type, promoter, image_url, please_note, venue_id, attraction_id, is_active, thumbs_up, thumbs_down) VALUES (26, 'Harry Potter and the Cursed Child - Parts 1 & 2 Fri 14:00 & 19:00', '2022-10-28', '13:00:00', 'KZAyXgnZfZ7v7nI', null, 'https://s1.ticketm.net/dam/a/5f2/811a0e95-2929-478d-bc36-8784864195f2_1469761_EVENT_DETAIL_PAGE_16_9.jpg', null, 2, 2, true, null, null);
INSERT INTO events (event_id, event_name, local_date, local_time, event_type, promoter, image_url, please_note, venue_id, attraction_id, is_active, thumbs_up, thumbs_down) VALUES (27, 'Harry Potter and the Cursed Child - Parts 1 & 2 Fri 14:00 & 19:00', '2022-11-04', '14:00:00', 'KZAyXgnZfZ7v7nI', null, 'https://s1.ticketm.net/dam/a/5f2/811a0e95-2929-478d-bc36-8784864195f2_1469761_EVENT_DETAIL_PAGE_16_9.jpg', null, 2, 2, true, null, null);
INSERT INTO events (event_id, event_name, local_date, local_time, event_type, promoter, image_url, please_note, venue_id, attraction_id, is_active, thumbs_up, thumbs_down) VALUES (28, 'Harry Potter and the Cursed Child - Parts 1 & 2 Fri 14:00 & 19:00', '2022-11-11', '14:00:00', 'KZAyXgnZfZ7v7nI', null, 'https://s1.ticketm.net/dam/a/5f2/811a0e95-2929-478d-bc36-8784864195f2_1469761_EVENT_DETAIL_PAGE_16_9.jpg', null, 2, 2, true, null, null);
INSERT INTO events (event_id, event_name, local_date, local_time, event_type, promoter, image_url, please_note, venue_id, attraction_id, is_active, thumbs_up, thumbs_down) VALUES (29, 'Harry Potter and the Cursed Child - Parts 1 & 2 Fri 14:00 & 19:00', '2022-11-18', '14:00:00', 'KZAyXgnZfZ7v7nI', null, 'https://s1.ticketm.net/dam/a/5f2/811a0e95-2929-478d-bc36-8784864195f2_1469761_EVENT_DETAIL_PAGE_16_9.jpg', null, 2, 2, true, null, null);
INSERT INTO events (event_id, event_name, local_date, local_time, event_type, promoter, image_url, please_note, venue_id, attraction_id, is_active, thumbs_up, thumbs_down) VALUES (30, 'Harry Potter and the Cursed Child - Parts 1 & 2 Fri 14:00 & 19:00', '2022-11-25', '14:00:00', 'KZAyXgnZfZ7v7nI', null, 'https://s1.ticketm.net/dam/a/5f2/811a0e95-2929-478d-bc36-8784864195f2_1469761_EVENT_DETAIL_PAGE_16_9.jpg', null, 2, 2, true, null, null);
INSERT INTO events (event_id, event_name, local_date, local_time, event_type, promoter, image_url, please_note, venue_id, attraction_id, is_active, thumbs_up, thumbs_down) VALUES (31, 'Harry Potter and the Cursed Child - Parts 1 & 2 Fri 14:00 & 19:00', '2022-12-02', '14:00:00', 'KZAyXgnZfZ7v7nI', null, 'https://s1.ticketm.net/dam/a/5f2/811a0e95-2929-478d-bc36-8784864195f2_1469761_EVENT_DETAIL_PAGE_16_9.jpg', null, 2, 2, true, null, null);
INSERT INTO events (event_id, event_name, local_date, local_time, event_type, promoter, image_url, please_note, venue_id, attraction_id, is_active, thumbs_up, thumbs_down) VALUES (32, 'Harry Potter and the Cursed Child - Parts 1 & 2 Fri 14:00 & 19:00', '2022-12-09', '14:00:00', 'KZAyXgnZfZ7v7nI', null, 'https://s1.ticketm.net/dam/a/5f2/811a0e95-2929-478d-bc36-8784864195f2_1469761_EVENT_DETAIL_PAGE_16_9.jpg', null, 2, 2, true, null, null);
INSERT INTO events (event_id, event_name, local_date, local_time, event_type, promoter, image_url, please_note, venue_id, attraction_id, is_active, thumbs_up, thumbs_down) VALUES (33, 'Harry Potter and the Cursed Child - Parts 1 & 2 Fri 14:00 & 19:00', '2022-12-16', '14:00:00', 'KZAyXgnZfZ7v7nI', null, 'https://s1.ticketm.net/dam/a/5f2/811a0e95-2929-478d-bc36-8784864195f2_1469761_EVENT_DETAIL_PAGE_16_9.jpg', null, 2, 2, true, null, null);
INSERT INTO events (event_id, event_name, local_date, local_time, event_type, promoter, image_url, please_note, venue_id, attraction_id, is_active, thumbs_up, thumbs_down) VALUES (34, 'Harry Potter and the Cursed Child - Parts 1 & 2 Fri 14:00 & 19:00', '2022-12-23', '14:00:00', 'KZAyXgnZfZ7v7nI', null, 'https://s1.ticketm.net/dam/a/5f2/811a0e95-2929-478d-bc36-8784864195f2_1469761_EVENT_DETAIL_PAGE_16_9.jpg', null, 2, 2, true, null, null);
INSERT INTO events (event_id, event_name, local_date, local_time, event_type, promoter, image_url, please_note, venue_id, attraction_id, is_active, thumbs_up, thumbs_down) VALUES (35, 'Harry Potter and the Cursed Child - Parts 1 & 2 Fri 14:00 & 19:00', '2022-12-30', '14:00:00', 'KZAyXgnZfZ7v7nI', null, 'https://s1.ticketm.net/dam/a/5f2/811a0e95-2929-478d-bc36-8784864195f2_1469761_EVENT_DETAIL_PAGE_16_9.jpg', null, 2, 2, true, null, null);
INSERT INTO events (event_id, event_name, local_date, local_time, event_type, promoter, image_url, please_note, venue_id, attraction_id, is_active, thumbs_up, thumbs_down) VALUES (36, 'Harry Potter and the Cursed Child - Parts 1 & 2 Fri 14:00 & 19:00', '2023-01-06', '14:00:00', 'KZAyXgnZfZ7v7nI', null, 'https://s1.ticketm.net/dam/a/5f2/811a0e95-2929-478d-bc36-8784864195f2_1469761_EVENT_DETAIL_PAGE_16_9.jpg', null, 2, 2, true, null, null);
INSERT INTO events (event_id, event_name, local_date, local_time, event_type, promoter, image_url, please_note, venue_id, attraction_id, is_active, thumbs_up, thumbs_down) VALUES (37, 'Harry Potter and the Cursed Child - Parts 1 & 2 Fri 14:00 & 19:00', '2023-01-13', '14:00:00', 'KZAyXgnZfZ7v7nI', null, 'https://s1.ticketm.net/dam/a/5f2/811a0e95-2929-478d-bc36-8784864195f2_1469761_EVENT_DETAIL_PAGE_16_9.jpg', null, 2, 2, true, null, null);
INSERT INTO events (event_id, event_name, local_date, local_time, event_type, promoter, image_url, please_note, venue_id, attraction_id, is_active, thumbs_up, thumbs_down) VALUES (38, 'Harry Potter and the Cursed Child - Parts 1 & 2 Fri 14:00 & 19:00', '2023-01-20', '14:00:00', 'KZAyXgnZfZ7v7nI', null, 'https://s1.ticketm.net/dam/a/5f2/811a0e95-2929-478d-bc36-8784864195f2_1469761_EVENT_DETAIL_PAGE_16_9.jpg', null, 2, 2, true, null, null);
INSERT INTO events (event_id, event_name, local_date, local_time, event_type, promoter, image_url, please_note, venue_id, attraction_id, is_active, thumbs_up, thumbs_down) VALUES (39, 'Harry Potter and the Cursed Child - Parts 1 & 2 Fri 14:00 & 19:00', '2023-01-27', '14:00:00', 'KZAyXgnZfZ7v7nI', null, 'https://s1.ticketm.net/dam/a/5f2/811a0e95-2929-478d-bc36-8784864195f2_1469761_EVENT_DETAIL_PAGE_16_9.jpg', null, 2, 2, true, null, null);
INSERT INTO events (event_id, event_name, local_date, local_time, event_type, promoter, image_url, please_note, venue_id, attraction_id, is_active, thumbs_up, thumbs_down) VALUES (40, 'Harry Potter and the Cursed Child - Parts 1 & 2 Fri 14:00 & 19:00', '2023-02-03', '14:00:00', 'KZAyXgnZfZ7v7nI', null, 'https://s1.ticketm.net/dam/a/5f2/811a0e95-2929-478d-bc36-8784864195f2_1469761_EVENT_DETAIL_PAGE_16_9.jpg', null, 2, 2, true, null, null);
INSERT INTO events (event_id, event_name, local_date, local_time, event_type, promoter, image_url, please_note, venue_id, attraction_id, is_active, thumbs_up, thumbs_down) VALUES (41, 'Harry Potter and the Cursed Child - Parts 1 & 2 Fri 14:00 & 19:00', '2023-02-10', '14:00:00', 'KZAyXgnZfZ7v7nI', null, 'https://s1.ticketm.net/dam/a/5f2/811a0e95-2929-478d-bc36-8784864195f2_1469761_EVENT_DETAIL_PAGE_16_9.jpg', null, 2, 2, true, null, null);
INSERT INTO events (event_id, event_name, local_date, local_time, event_type, promoter, image_url, please_note, venue_id, attraction_id, is_active, thumbs_up, thumbs_down) VALUES (42, 'Harry Potter and the Cursed Child - Parts 1 & 2 Fri 14:00 & 19:00', '2023-02-17', '14:00:00', 'KZAyXgnZfZ7v7nI', null, 'https://s1.ticketm.net/dam/a/5f2/811a0e95-2929-478d-bc36-8784864195f2_1469761_EVENT_DETAIL_PAGE_16_9.jpg', null, 2, 2, true, null, null);
INSERT INTO events (event_id, event_name, local_date, local_time, event_type, promoter, image_url, please_note, venue_id, attraction_id, is_active, thumbs_up, thumbs_down) VALUES (43, 'Harry Potter and the Cursed Child - Parts 1 & 2 Fri 14:00 & 19:00', '2023-02-24', '14:00:00', 'KZAyXgnZfZ7v7nI', null, 'https://s1.ticketm.net/dam/a/5f2/811a0e95-2929-478d-bc36-8784864195f2_1469761_EVENT_DETAIL_PAGE_16_9.jpg', null, 2, 2, true, null, null);
INSERT INTO events (event_id, event_name, local_date, local_time, event_type, promoter, image_url, please_note, venue_id, attraction_id, is_active, thumbs_up, thumbs_down) VALUES (44, 'Harry Potter and the Cursed Child - Parts 1 & 2 Fri 14:00 & 19:00', '2023-03-03', '14:00:00', 'KZAyXgnZfZ7v7nI', null, 'https://s1.ticketm.net/dam/a/5f2/811a0e95-2929-478d-bc36-8784864195f2_1469761_EVENT_DETAIL_PAGE_16_9.jpg', null, 2, 2, true, null, null);
INSERT INTO events (event_id, event_name, local_date, local_time, event_type, promoter, image_url, please_note, venue_id, attraction_id, is_active, thumbs_up, thumbs_down) VALUES (45, 'Harry Potter and the Cursed Child - Parts 1 & 2 Fri 14:00 & 19:00', '2023-03-10', '14:00:00', 'KZAyXgnZfZ7v7nI', null, 'https://s1.ticketm.net/dam/a/5f2/811a0e95-2929-478d-bc36-8784864195f2_1469761_EVENT_DETAIL_PAGE_16_9.jpg', null, 2, 2, true, null, null);
INSERT INTO events (event_id, event_name, local_date, local_time, event_type, promoter, image_url, please_note, venue_id, attraction_id, is_active, thumbs_up, thumbs_down) VALUES (46, 'Harry Potter and the Cursed Child - Parts 1 & 2 Fri 14:00 & 19:00', '2023-03-17', '14:00:00', 'KZAyXgnZfZ7v7nI', null, 'https://s1.ticketm.net/dam/a/5f2/811a0e95-2929-478d-bc36-8784864195f2_1469761_EVENT_DETAIL_PAGE_16_9.jpg', null, 2, 2, true, null, null);
INSERT INTO events (event_id, event_name, local_date, local_time, event_type, promoter, image_url, please_note, venue_id, attraction_id, is_active, thumbs_up, thumbs_down) VALUES (47, 'Harry Potter and the Cursed Child - Parts 1 & 2 Fri 14:00 & 19:00', '2023-03-24', '14:00:00', 'KZAyXgnZfZ7v7nI', null, 'https://s1.ticketm.net/dam/a/5f2/811a0e95-2929-478d-bc36-8784864195f2_1469761_EVENT_DETAIL_PAGE_16_9.jpg', null, 2, 2, true, null, null);
INSERT INTO events (event_id, event_name, local_date, local_time, event_type, promoter, image_url, please_note, venue_id, attraction_id, is_active, thumbs_up, thumbs_down) VALUES (48, 'Harry Potter and the Cursed Child - Parts 1 & 2 Fri 14:00 & 19:00', '2023-03-31', '13:00:00', 'KZAyXgnZfZ7v7nI', null, 'https://s1.ticketm.net/dam/a/5f2/811a0e95-2929-478d-bc36-8784864195f2_1469761_EVENT_DETAIL_PAGE_16_9.jpg', null, 2, 2, true, null, null);
INSERT INTO events (event_id, event_name, local_date, local_time, event_type, promoter, image_url, please_note, venue_id, attraction_id, is_active, thumbs_up, thumbs_down) VALUES (49, 'Harry Potter and the Cursed Child - Parts 1 & 2 Fri 14:00 & 19:00', '2023-04-07', '13:00:00', 'KZAyXgnZfZ7v7nI', null, 'https://s1.ticketm.net/dam/a/5f2/811a0e95-2929-478d-bc36-8784864195f2_1469761_EVENT_DETAIL_PAGE_16_9.jpg', null, 2, 2, true, null, null);
INSERT INTO events (event_id, event_name, local_date, local_time, event_type, promoter, image_url, please_note, venue_id, attraction_id, is_active, thumbs_up, thumbs_down) VALUES (50, 'Harry Potter and the Cursed Child - Parts 1 & 2 Fri 14:00 & 19:00', '2023-04-14', '13:00:00', 'KZAyXgnZfZ7v7nI', null, 'https://s1.ticketm.net/dam/a/5f2/811a0e95-2929-478d-bc36-8784864195f2_1469761_EVENT_DETAIL_PAGE_16_9.jpg', null, 2, 2, true, null, null);
INSERT INTO events (event_id, event_name, local_date, local_time, event_type, promoter, image_url, please_note, venue_id, attraction_id, is_active, thumbs_up, thumbs_down) VALUES (51, 'Harry Potter and the Cursed Child - Parts 1 & 2 Fri 14:00 & 19:00', '2023-04-21', '13:00:00', 'KZAyXgnZfZ7v7nI', null, 'https://s1.ticketm.net/dam/a/5f2/811a0e95-2929-478d-bc36-8784864195f2_1469761_EVENT_DETAIL_PAGE_16_9.jpg', null, 2, 2, true, null, null);
INSERT INTO events (event_id, event_name, local_date, local_time, event_type, promoter, image_url, please_note, venue_id, attraction_id, is_active, thumbs_up, thumbs_down) VALUES (52, 'Harry Potter and the Cursed Child - Parts 1 & 2 Fri 14:00 & 19:00', '2023-04-28', '13:00:00', 'KZAyXgnZfZ7v7nI', null, 'https://s1.ticketm.net/dam/a/5f2/811a0e95-2929-478d-bc36-8784864195f2_1469761_EVENT_DETAIL_PAGE_16_9.jpg', null, 2, 2, true, null, null);
INSERT INTO events (event_id, event_name, local_date, local_time, event_type, promoter, image_url, please_note, venue_id, attraction_id, is_active, thumbs_up, thumbs_down) VALUES (53, 'Harry Potter and the Cursed Child - Parts 1 & 2 Fri 14:00 & 19:00', '2023-05-05', '13:00:00', 'KZAyXgnZfZ7v7nI', null, 'https://s1.ticketm.net/dam/a/5f2/811a0e95-2929-478d-bc36-8784864195f2_1469761_EVENT_DETAIL_PAGE_16_9.jpg', null, 2, 2, true, null, null);
INSERT INTO events (event_id, event_name, local_date, local_time, event_type, promoter, image_url, please_note, venue_id, attraction_id, is_active, thumbs_up, thumbs_down) VALUES (54, 'Harry Potter and the Cursed Child - Parts 1 & 2 Fri 14:00 & 19:00', '2023-05-12', '13:00:00', 'KZAyXgnZfZ7v7nI', null, 'https://s1.ticketm.net/dam/a/5f2/811a0e95-2929-478d-bc36-8784864195f2_1469761_EVENT_DETAIL_PAGE_16_9.jpg', null, 2, 2, true, null, null);
INSERT INTO events (event_id, event_name, local_date, local_time, event_type, promoter, image_url, please_note, venue_id, attraction_id, is_active, thumbs_up, thumbs_down) VALUES (55, 'Harry Potter and the Cursed Child - Parts 1 & 2 Fri 14:00 & 19:00', '2023-05-19', '13:00:00', 'KZAyXgnZfZ7v7nI', null, 'https://s1.ticketm.net/dam/a/5f2/811a0e95-2929-478d-bc36-8784864195f2_1469761_EVENT_DETAIL_PAGE_16_9.jpg', null, 2, 2, true, null, null);
INSERT INTO events (event_id, event_name, local_date, local_time, event_type, promoter, image_url, please_note, venue_id, attraction_id, is_active, thumbs_up, thumbs_down) VALUES (56, 'Harry Potter and the Cursed Child - Parts 1 & 2 Fri 14:00 & 19:00', '2023-05-26', '13:00:00', 'KZAyXgnZfZ7v7nI', null, 'https://s1.ticketm.net/dam/a/5f2/811a0e95-2929-478d-bc36-8784864195f2_1469761_EVENT_DETAIL_PAGE_16_9.jpg', null, 2, 2, true, null, null);
INSERT INTO events (event_id, event_name, local_date, local_time, event_type, promoter, image_url, please_note, venue_id, attraction_id, is_active, thumbs_up, thumbs_down) VALUES (57, 'Harry Potter and the Cursed Child - Parts 1 & 2 Fri 14:00 & 19:00', '2023-06-02', '13:00:00', 'KZAyXgnZfZ7v7nI', null, 'https://s1.ticketm.net/dam/a/5f2/811a0e95-2929-478d-bc36-8784864195f2_1469761_EVENT_DETAIL_PAGE_16_9.jpg', null, 2, 2, true, null, null);
INSERT INTO events (event_id, event_name, local_date, local_time, event_type, promoter, image_url, please_note, venue_id, attraction_id, is_active, thumbs_up, thumbs_down) VALUES (58, 'Harry Potter and the Cursed Child - Parts 1 & 2 Fri 14:00 & 19:00', '2023-06-09', '13:00:00', 'KZAyXgnZfZ7v7nI', null, 'https://s1.ticketm.net/dam/a/5f2/811a0e95-2929-478d-bc36-8784864195f2_1469761_EVENT_DETAIL_PAGE_16_9.jpg', null, 2, 2, true, null, null);
INSERT INTO events (event_id, event_name, local_date, local_time, event_type, promoter, image_url, please_note, venue_id, attraction_id, is_active, thumbs_up, thumbs_down) VALUES (59, 'Harry Potter and the Cursed Child - Parts 1 & 2 Fri 14:00 & 19:00', '2023-06-16', '13:00:00', 'KZAyXgnZfZ7v7nI', null, 'https://s1.ticketm.net/dam/a/5f2/811a0e95-2929-478d-bc36-8784864195f2_1469761_EVENT_DETAIL_PAGE_16_9.jpg', null, 2, 2, true, null, null);
INSERT INTO events (event_id, event_name, local_date, local_time, event_type, promoter, image_url, please_note, venue_id, attraction_id, is_active, thumbs_up, thumbs_down) VALUES (60, 'Harry Potter and the Cursed Child - Parts 1 & 2 Fri 14:00 & 19:00', '2023-06-23', '13:00:00', 'KZAyXgnZfZ7v7nI', null, 'https://s1.ticketm.net/dam/a/5f2/811a0e95-2929-478d-bc36-8784864195f2_1469761_EVENT_DETAIL_PAGE_16_9.jpg', null, 2, 2, true, null, null);
INSERT INTO events (event_id, event_name, local_date, local_time, event_type, promoter, image_url, please_note, venue_id, attraction_id, is_active, thumbs_up, thumbs_down) VALUES (61, 'Harry Potter and the Cursed Child - Parts 1 & 2 Fri 14:00 & 19:00', '2023-06-30', '13:00:00', 'KZAyXgnZfZ7v7nI', null, 'https://s1.ticketm.net/dam/a/5f2/811a0e95-2929-478d-bc36-8784864195f2_1469761_EVENT_DETAIL_PAGE_16_9.jpg', null, 2, 2, true, null, null);
INSERT INTO events (event_id, event_name, local_date, local_time, event_type, promoter, image_url, please_note, venue_id, attraction_id, is_active, thumbs_up, thumbs_down) VALUES (62, 'Harry Potter and the Cursed Child - Parts 1 & 2 Fri 14:00 & 19:00', '2023-07-07', '13:00:00', 'KZAyXgnZfZ7v7nI', null, 'https://s1.ticketm.net/dam/a/5f2/811a0e95-2929-478d-bc36-8784864195f2_1469761_EVENT_DETAIL_PAGE_16_9.jpg', null, 2, 2, true, null, null);
INSERT INTO events (event_id, event_name, local_date, local_time, event_type, promoter, image_url, please_note, venue_id, attraction_id, is_active, thumbs_up, thumbs_down) VALUES (63, 'Harry Potter and the Cursed Child - Parts 1 & 2 Fri 14:00 & 19:00', '2023-07-14', '13:00:00', 'KZAyXgnZfZ7v7nI', null, 'https://s1.ticketm.net/dam/a/5f2/811a0e95-2929-478d-bc36-8784864195f2_1469761_EVENT_DETAIL_PAGE_16_9.jpg', null, 2, 2, true, null, null);
INSERT INTO events (event_id, event_name, local_date, local_time, event_type, promoter, image_url, please_note, venue_id, attraction_id, is_active, thumbs_up, thumbs_down) VALUES (64, 'Harry Potter and the Cursed Child - Parts 1 & 2 Fri 14:00 & 19:00', '2023-07-21', '13:00:00', 'KZAyXgnZfZ7v7nI', null, 'https://s1.ticketm.net/dam/a/5f2/811a0e95-2929-478d-bc36-8784864195f2_1469761_EVENT_DETAIL_PAGE_16_9.jpg', null, 2, 2, true, null, null);
INSERT INTO events (event_id, event_name, local_date, local_time, event_type, promoter, image_url, please_note, venue_id, attraction_id, is_active, thumbs_up, thumbs_down) VALUES (65, 'Harry Potter and the Cursed Child - Parts 1 & 2 Sat 13:00 & 18:00', '2022-12-31', '13:00:00', 'KZAyXgnZfZ7v7nI', null, 'https://s1.ticketm.net/dam/a/5f2/811a0e95-2929-478d-bc36-8784864195f2_1469761_EVENT_DETAIL_PAGE_16_9.jpg', null, 2, 2, true, null, null);
INSERT INTO events (event_id, event_name, local_date, local_time, event_type, promoter, image_url, please_note, venue_id, attraction_id, is_active, thumbs_up, thumbs_down) VALUES (66, 'Harry Potter and the Cursed Child - Parts 1 & 2 Sat 14:00 & 19:00', '2022-09-10', '13:00:00', 'KZAyXgnZfZ7v7nI', null, 'https://s1.ticketm.net/dam/a/5f2/811a0e95-2929-478d-bc36-8784864195f2_1469761_EVENT_DETAIL_PAGE_16_9.jpg', null, 2, 2, true, null, null);
INSERT INTO events (event_id, event_name, local_date, local_time, event_type, promoter, image_url, please_note, venue_id, attraction_id, is_active, thumbs_up, thumbs_down) VALUES (67, 'Harry Potter and the Cursed Child - Parts 1 & 2 Sat 14:00 & 19:00', '2022-09-17', '13:00:00', 'KZAyXgnZfZ7v7nI', null, 'https://s1.ticketm.net/dam/a/5f2/811a0e95-2929-478d-bc36-8784864195f2_1469761_EVENT_DETAIL_PAGE_16_9.jpg', null, 2, 2, true, null, null);
INSERT INTO events (event_id, event_name, local_date, local_time, event_type, promoter, image_url, please_note, venue_id, attraction_id, is_active, thumbs_up, thumbs_down) VALUES (68, 'Harry Potter and the Cursed Child - Parts 1 & 2 Sat 14:00 & 19:00', '2022-09-24', '13:00:00', 'KZAyXgnZfZ7v7nI', null, 'https://s1.ticketm.net/dam/a/5f2/811a0e95-2929-478d-bc36-8784864195f2_1469761_EVENT_DETAIL_PAGE_16_9.jpg', null, 2, 2, true, null, null);
INSERT INTO events (event_id, event_name, local_date, local_time, event_type, promoter, image_url, please_note, venue_id, attraction_id, is_active, thumbs_up, thumbs_down) VALUES (69, 'Harry Potter and the Cursed Child - Parts 1 & 2 Sat 14:00 & 19:00', '2022-10-01', '13:00:00', 'KZAyXgnZfZ7v7nI', null, 'https://s1.ticketm.net/dam/a/5f2/811a0e95-2929-478d-bc36-8784864195f2_1469761_EVENT_DETAIL_PAGE_16_9.jpg', null, 2, 2, true, null, null);
INSERT INTO events (event_id, event_name, local_date, local_time, event_type, promoter, image_url, please_note, venue_id, attraction_id, is_active, thumbs_up, thumbs_down) VALUES (70, 'Harry Potter and the Cursed Child - Parts 1 & 2 Sat 14:00 & 19:00', '2022-10-08', '13:00:00', 'KZAyXgnZfZ7v7nI', null, 'https://s1.ticketm.net/dam/a/5f2/811a0e95-2929-478d-bc36-8784864195f2_1469761_EVENT_DETAIL_PAGE_16_9.jpg', null, 2, 2, true, null, null);
INSERT INTO events (event_id, event_name, local_date, local_time, event_type, promoter, image_url, please_note, venue_id, attraction_id, is_active, thumbs_up, thumbs_down) VALUES (71, 'Harry Potter and the Cursed Child - Parts 1 & 2 Sat 14:00 & 19:00', '2022-10-15', '13:00:00', 'KZAyXgnZfZ7v7nI', null, 'https://s1.ticketm.net/dam/a/5f2/811a0e95-2929-478d-bc36-8784864195f2_1469761_EVENT_DETAIL_PAGE_16_9.jpg', null, 2, 2, true, null, null);
INSERT INTO events (event_id, event_name, local_date, local_time, event_type, promoter, image_url, please_note, venue_id, attraction_id, is_active, thumbs_up, thumbs_down) VALUES (72, 'Harry Potter and the Cursed Child - Parts 1 & 2 Sat 14:00 & 19:00', '2022-10-22', '13:00:00', 'KZAyXgnZfZ7v7nI', null, 'https://s1.ticketm.net/dam/a/5f2/811a0e95-2929-478d-bc36-8784864195f2_1469761_EVENT_DETAIL_PAGE_16_9.jpg', null, 2, 2, true, null, null);
INSERT INTO events (event_id, event_name, local_date, local_time, event_type, promoter, image_url, please_note, venue_id, attraction_id, is_active, thumbs_up, thumbs_down) VALUES (73, 'Harry Potter and the Cursed Child - Parts 1 & 2 Sat 14:00 & 19:00', '2022-10-29', '13:00:00', 'KZAyXgnZfZ7v7nI', null, 'https://s1.ticketm.net/dam/a/5f2/811a0e95-2929-478d-bc36-8784864195f2_1469761_EVENT_DETAIL_PAGE_16_9.jpg', null, 2, 2, true, null, null);
INSERT INTO events (event_id, event_name, local_date, local_time, event_type, promoter, image_url, please_note, venue_id, attraction_id, is_active, thumbs_up, thumbs_down) VALUES (74, 'Harry Potter and the Cursed Child - Parts 1 & 2 Sat 14:00 & 19:00', '2022-11-05', '14:00:00', 'KZAyXgnZfZ7v7nI', null, 'https://s1.ticketm.net/dam/a/5f2/811a0e95-2929-478d-bc36-8784864195f2_1469761_EVENT_DETAIL_PAGE_16_9.jpg', null, 2, 2, true, null, null);
INSERT INTO events (event_id, event_name, local_date, local_time, event_type, promoter, image_url, please_note, venue_id, attraction_id, is_active, thumbs_up, thumbs_down) VALUES (75, 'Harry Potter and the Cursed Child - Parts 1 & 2 Sat 14:00 & 19:00', '2022-11-12', '14:00:00', 'KZAyXgnZfZ7v7nI', null, 'https://s1.ticketm.net/dam/a/5f2/811a0e95-2929-478d-bc36-8784864195f2_1469761_EVENT_DETAIL_PAGE_16_9.jpg', null, 2, 2, true, null, null);
INSERT INTO events (event_id, event_name, local_date, local_time, event_type, promoter, image_url, please_note, venue_id, attraction_id, is_active, thumbs_up, thumbs_down) VALUES (76, 'Harry Potter and the Cursed Child - Parts 1 & 2 Sat 14:00 & 19:00', '2022-11-19', '14:00:00', 'KZAyXgnZfZ7v7nI', null, 'https://s1.ticketm.net/dam/a/5f2/811a0e95-2929-478d-bc36-8784864195f2_1469761_EVENT_DETAIL_PAGE_16_9.jpg', null, 2, 2, true, null, null);
INSERT INTO events (event_id, event_name, local_date, local_time, event_type, promoter, image_url, please_note, venue_id, attraction_id, is_active, thumbs_up, thumbs_down) VALUES (77, 'Harry Potter and the Cursed Child - Parts 1 & 2 Sat 14:00 & 19:00', '2022-11-26', '14:00:00', 'KZAyXgnZfZ7v7nI', null, 'https://s1.ticketm.net/dam/a/5f2/811a0e95-2929-478d-bc36-8784864195f2_1469761_EVENT_DETAIL_PAGE_16_9.jpg', null, 2, 2, true, null, null);
INSERT INTO events (event_id, event_name, local_date, local_time, event_type, promoter, image_url, please_note, venue_id, attraction_id, is_active, thumbs_up, thumbs_down) VALUES (78, 'Harry Potter and the Cursed Child - Parts 1 & 2 Sat 14:00 & 19:00', '2022-12-03', '14:00:00', 'KZAyXgnZfZ7v7nI', null, 'https://s1.ticketm.net/dam/a/5f2/811a0e95-2929-478d-bc36-8784864195f2_1469761_EVENT_DETAIL_PAGE_16_9.jpg', null, 2, 2, true, null, null);
INSERT INTO events (event_id, event_name, local_date, local_time, event_type, promoter, image_url, please_note, venue_id, attraction_id, is_active, thumbs_up, thumbs_down) VALUES (79, 'Harry Potter and the Cursed Child - Parts 1 & 2 Sat 14:00 & 19:00', '2022-12-10', '14:00:00', 'KZAyXgnZfZ7v7nI', null, 'https://s1.ticketm.net/dam/a/5f2/811a0e95-2929-478d-bc36-8784864195f2_1469761_EVENT_DETAIL_PAGE_16_9.jpg', null, 2, 2, true, null, null);
INSERT INTO events (event_id, event_name, local_date, local_time, event_type, promoter, image_url, please_note, venue_id, attraction_id, is_active, thumbs_up, thumbs_down) VALUES (80, 'Harry Potter and the Cursed Child - Parts 1 & 2 Sat 14:00 & 19:00', '2022-12-17', '14:00:00', 'KZAyXgnZfZ7v7nI', null, 'https://s1.ticketm.net/dam/a/5f2/811a0e95-2929-478d-bc36-8784864195f2_1469761_EVENT_DETAIL_PAGE_16_9.jpg', null, 2, 2, true, null, null);
INSERT INTO events (event_id, event_name, local_date, local_time, event_type, promoter, image_url, please_note, venue_id, attraction_id, is_active, thumbs_up, thumbs_down) VALUES (81, 'Harry Potter and the Cursed Child - Parts 1 & 2 Sat 14:00 & 19:00', '2023-01-07', '14:00:00', 'KZAyXgnZfZ7v7nI', null, 'https://s1.ticketm.net/dam/a/5f2/811a0e95-2929-478d-bc36-8784864195f2_1469761_EVENT_DETAIL_PAGE_16_9.jpg', null, 2, 2, true, null, null);
INSERT INTO events (event_id, event_name, local_date, local_time, event_type, promoter, image_url, please_note, venue_id, attraction_id, is_active, thumbs_up, thumbs_down) VALUES (82, 'Harry Potter and the Cursed Child - Parts 1 & 2 Sat 14:00 & 19:00', '2023-01-14', '14:00:00', 'KZAyXgnZfZ7v7nI', null, 'https://s1.ticketm.net/dam/a/5f2/811a0e95-2929-478d-bc36-8784864195f2_1469761_EVENT_DETAIL_PAGE_16_9.jpg', null, 2, 2, true, null, null);
INSERT INTO events (event_id, event_name, local_date, local_time, event_type, promoter, image_url, please_note, venue_id, attraction_id, is_active, thumbs_up, thumbs_down) VALUES (83, 'Harry Potter and the Cursed Child - Parts 1 & 2 Sat 14:00 & 19:00', '2023-01-21', '14:00:00', 'KZAyXgnZfZ7v7nI', null, 'https://s1.ticketm.net/dam/a/5f2/811a0e95-2929-478d-bc36-8784864195f2_1469761_EVENT_DETAIL_PAGE_16_9.jpg', null, 2, 2, true, null, null);
INSERT INTO events (event_id, event_name, local_date, local_time, event_type, promoter, image_url, please_note, venue_id, attraction_id, is_active, thumbs_up, thumbs_down) VALUES (84, 'Harry Potter and the Cursed Child - Parts 1 & 2 Sat 14:00 & 19:00', '2023-01-28', '14:00:00', 'KZAyXgnZfZ7v7nI', null, 'https://s1.ticketm.net/dam/a/5f2/811a0e95-2929-478d-bc36-8784864195f2_1469761_EVENT_DETAIL_PAGE_16_9.jpg', null, 2, 2, true, null, null);
INSERT INTO events (event_id, event_name, local_date, local_time, event_type, promoter, image_url, please_note, venue_id, attraction_id, is_active, thumbs_up, thumbs_down) VALUES (85, 'Harry Potter and the Cursed Child - Parts 1 & 2 Sat 14:00 & 19:00', '2023-02-04', '14:00:00', 'KZAyXgnZfZ7v7nI', null, 'https://s1.ticketm.net/dam/a/5f2/811a0e95-2929-478d-bc36-8784864195f2_1469761_EVENT_DETAIL_PAGE_16_9.jpg', null, 2, 2, true, null, null);
INSERT INTO events (event_id, event_name, local_date, local_time, event_type, promoter, image_url, please_note, venue_id, attraction_id, is_active, thumbs_up, thumbs_down) VALUES (86, 'Harry Potter and the Cursed Child - Parts 1 & 2 Sat 14:00 & 19:00', '2023-02-11', '14:00:00', 'KZAyXgnZfZ7v7nI', null, 'https://s1.ticketm.net/dam/a/5f2/811a0e95-2929-478d-bc36-8784864195f2_1469761_EVENT_DETAIL_PAGE_16_9.jpg', null, 2, 2, true, null, null);
INSERT INTO events (event_id, event_name, local_date, local_time, event_type, promoter, image_url, please_note, venue_id, attraction_id, is_active, thumbs_up, thumbs_down) VALUES (87, 'Harry Potter and the Cursed Child - Parts 1 & 2 Sat 14:00 & 19:00', '2023-02-18', '14:00:00', 'KZAyXgnZfZ7v7nI', null, 'https://s1.ticketm.net/dam/a/5f2/811a0e95-2929-478d-bc36-8784864195f2_1469761_EVENT_DETAIL_PAGE_16_9.jpg', null, 2, 2, true, null, null);
INSERT INTO events (event_id, event_name, local_date, local_time, event_type, promoter, image_url, please_note, venue_id, attraction_id, is_active, thumbs_up, thumbs_down) VALUES (88, 'Harry Potter and the Cursed Child - Parts 1 & 2 Sat 14:00 & 19:00', '2023-02-25', '14:00:00', 'KZAyXgnZfZ7v7nI', null, 'https://s1.ticketm.net/dam/a/5f2/811a0e95-2929-478d-bc36-8784864195f2_1469761_EVENT_DETAIL_PAGE_16_9.jpg', null, 2, 2, true, null, null);
INSERT INTO events (event_id, event_name, local_date, local_time, event_type, promoter, image_url, please_note, venue_id, attraction_id, is_active, thumbs_up, thumbs_down) VALUES (89, 'Harry Potter and the Cursed Child - Parts 1 & 2 Sat 14:00 & 19:00', '2023-03-04', '14:00:00', 'KZAyXgnZfZ7v7nI', null, 'https://s1.ticketm.net/dam/a/5f2/811a0e95-2929-478d-bc36-8784864195f2_1469761_EVENT_DETAIL_PAGE_16_9.jpg', null, 2, 2, true, null, null);
INSERT INTO events (event_id, event_name, local_date, local_time, event_type, promoter, image_url, please_note, venue_id, attraction_id, is_active, thumbs_up, thumbs_down) VALUES (90, 'Harry Potter and the Cursed Child - Parts 1 & 2 Sat 14:00 & 19:00', '2023-03-11', '14:00:00', 'KZAyXgnZfZ7v7nI', null, 'https://s1.ticketm.net/dam/a/5f2/811a0e95-2929-478d-bc36-8784864195f2_1469761_EVENT_DETAIL_PAGE_16_9.jpg', null, 2, 2, true, null, null);
INSERT INTO events (event_id, event_name, local_date, local_time, event_type, promoter, image_url, please_note, venue_id, attraction_id, is_active, thumbs_up, thumbs_down) VALUES (91, 'Harry Potter and the Cursed Child - Parts 1 & 2 Sat 14:00 & 19:00', '2023-03-18', '14:00:00', 'KZAyXgnZfZ7v7nI', null, 'https://s1.ticketm.net/dam/a/5f2/811a0e95-2929-478d-bc36-8784864195f2_1469761_EVENT_DETAIL_PAGE_16_9.jpg', null, 2, 2, true, null, null);
INSERT INTO events (event_id, event_name, local_date, local_time, event_type, promoter, image_url, please_note, venue_id, attraction_id, is_active, thumbs_up, thumbs_down) VALUES (92, 'Harry Potter and the Cursed Child - Parts 1 & 2 Sat 14:00 & 19:00', '2023-03-25', '14:00:00', 'KZAyXgnZfZ7v7nI', null, 'https://s1.ticketm.net/dam/a/5f2/811a0e95-2929-478d-bc36-8784864195f2_1469761_EVENT_DETAIL_PAGE_16_9.jpg', null, 2, 2, true, null, null);
INSERT INTO events (event_id, event_name, local_date, local_time, event_type, promoter, image_url, please_note, venue_id, attraction_id, is_active, thumbs_up, thumbs_down) VALUES (93, 'Harry Potter and the Cursed Child - Parts 1 & 2 Sat 14:00 & 19:00', '2023-04-01', '13:00:00', 'KZAyXgnZfZ7v7nI', null, 'https://s1.ticketm.net/dam/a/5f2/811a0e95-2929-478d-bc36-8784864195f2_1469761_EVENT_DETAIL_PAGE_16_9.jpg', null, 2, 2, true, null, null);
INSERT INTO events (event_id, event_name, local_date, local_time, event_type, promoter, image_url, please_note, venue_id, attraction_id, is_active, thumbs_up, thumbs_down) VALUES (94, 'Harry Potter and the Cursed Child - Parts 1 & 2 Sat 14:00 & 19:00', '2023-04-08', '13:00:00', 'KZAyXgnZfZ7v7nI', null, 'https://s1.ticketm.net/dam/a/5f2/811a0e95-2929-478d-bc36-8784864195f2_1469761_EVENT_DETAIL_PAGE_16_9.jpg', null, 2, 2, true, null, null);
INSERT INTO events (event_id, event_name, local_date, local_time, event_type, promoter, image_url, please_note, venue_id, attraction_id, is_active, thumbs_up, thumbs_down) VALUES (95, 'Harry Potter and the Cursed Child - Parts 1 & 2 Sat 14:00 & 19:00', '2023-04-15', '13:00:00', 'KZAyXgnZfZ7v7nI', null, 'https://s1.ticketm.net/dam/a/5f2/811a0e95-2929-478d-bc36-8784864195f2_1469761_EVENT_DETAIL_PAGE_16_9.jpg', null, 2, 2, true, null, null);
INSERT INTO events (event_id, event_name, local_date, local_time, event_type, promoter, image_url, please_note, venue_id, attraction_id, is_active, thumbs_up, thumbs_down) VALUES (96, 'Harry Potter and the Cursed Child - Parts 1 & 2 Sat 14:00 & 19:00', '2023-04-22', '13:00:00', 'KZAyXgnZfZ7v7nI', null, 'https://s1.ticketm.net/dam/a/5f2/811a0e95-2929-478d-bc36-8784864195f2_1469761_EVENT_DETAIL_PAGE_16_9.jpg', null, 2, 2, true, null, null);
INSERT INTO events (event_id, event_name, local_date, local_time, event_type, promoter, image_url, please_note, venue_id, attraction_id, is_active, thumbs_up, thumbs_down) VALUES (97, 'Harry Potter and the Cursed Child - Parts 1 & 2 Sat 14:00 & 19:00', '2023-04-29', '13:00:00', 'KZAyXgnZfZ7v7nI', null, 'https://s1.ticketm.net/dam/a/5f2/811a0e95-2929-478d-bc36-8784864195f2_1469761_EVENT_DETAIL_PAGE_16_9.jpg', null, 2, 2, true, null, null);
INSERT INTO events (event_id, event_name, local_date, local_time, event_type, promoter, image_url, please_note, venue_id, attraction_id, is_active, thumbs_up, thumbs_down) VALUES (98, 'Harry Potter and the Cursed Child - Parts 1 & 2 Sat 14:00 & 19:00', '2023-05-06', '13:00:00', 'KZAyXgnZfZ7v7nI', null, 'https://s1.ticketm.net/dam/a/5f2/811a0e95-2929-478d-bc36-8784864195f2_1469761_EVENT_DETAIL_PAGE_16_9.jpg', null, 2, 2, true, null, null);
INSERT INTO events (event_id, event_name, local_date, local_time, event_type, promoter, image_url, please_note, venue_id, attraction_id, is_active, thumbs_up, thumbs_down) VALUES (99, 'Harry Potter and the Cursed Child - Parts 1 & 2 Sat 14:00 & 19:00', '2023-05-13', '13:00:00', 'KZAyXgnZfZ7v7nI', null, 'https://s1.ticketm.net/dam/a/5f2/811a0e95-2929-478d-bc36-8784864195f2_1469761_EVENT_DETAIL_PAGE_16_9.jpg', null, 2, 2, true, null, null);
INSERT INTO events (event_id, event_name, local_date, local_time, event_type, promoter, image_url, please_note, venue_id, attraction_id, is_active, thumbs_up, thumbs_down) VALUES (100, 'Harry Potter and the Cursed Child - Parts 1 & 2 Sat 14:00 & 19:00', '2023-05-20', '13:00:00', 'KZAyXgnZfZ7v7nI', null, 'https://s1.ticketm.net/dam/a/5f2/811a0e95-2929-478d-bc36-8784864195f2_1469761_EVENT_DETAIL_PAGE_16_9.jpg', null, 2, 2, true, null, null);
INSERT INTO events (event_id, event_name, local_date, local_time, event_type, promoter, image_url, please_note, venue_id, attraction_id, is_active, thumbs_up, thumbs_down) VALUES (101, 'Harry Potter and the Cursed Child - Parts 1 & 2 Sat 14:00 & 19:00', '2023-05-27', '13:00:00', 'KZAyXgnZfZ7v7nI', null, 'https://s1.ticketm.net/dam/a/5f2/811a0e95-2929-478d-bc36-8784864195f2_1469761_EVENT_DETAIL_PAGE_16_9.jpg', null, 2, 2, true, null, null);
INSERT INTO events (event_id, event_name, local_date, local_time, event_type, promoter, image_url, please_note, venue_id, attraction_id, is_active, thumbs_up, thumbs_down) VALUES (102, 'Harry Potter and the Cursed Child - Parts 1 & 2 Sat 14:00 & 19:00', '2023-06-03', '13:00:00', 'KZAyXgnZfZ7v7nI', null, 'https://s1.ticketm.net/dam/a/5f2/811a0e95-2929-478d-bc36-8784864195f2_1469761_EVENT_DETAIL_PAGE_16_9.jpg', null, 2, 2, true, null, null);
INSERT INTO events (event_id, event_name, local_date, local_time, event_type, promoter, image_url, please_note, venue_id, attraction_id, is_active, thumbs_up, thumbs_down) VALUES (103, 'Harry Potter and the Cursed Child - Parts 1 & 2 Sat 14:00 & 19:00', '2023-06-10', '13:00:00', 'KZAyXgnZfZ7v7nI', null, 'https://s1.ticketm.net/dam/a/5f2/811a0e95-2929-478d-bc36-8784864195f2_1469761_EVENT_DETAIL_PAGE_16_9.jpg', null, 2, 2, true, null, null);
INSERT INTO events (event_id, event_name, local_date, local_time, event_type, promoter, image_url, please_note, venue_id, attraction_id, is_active, thumbs_up, thumbs_down) VALUES (104, 'Harry Potter and the Cursed Child - Parts 1 & 2 Sat 14:00 & 19:00', '2023-06-17', '13:00:00', 'KZAyXgnZfZ7v7nI', null, 'https://s1.ticketm.net/dam/a/5f2/811a0e95-2929-478d-bc36-8784864195f2_1469761_EVENT_DETAIL_PAGE_16_9.jpg', null, 2, 2, true, null, null);
INSERT INTO events (event_id, event_name, local_date, local_time, event_type, promoter, image_url, please_note, venue_id, attraction_id, is_active, thumbs_up, thumbs_down) VALUES (105, 'Harry Potter and the Cursed Child - Parts 1 & 2 Sat 14:00 & 19:00', '2023-06-24', '13:00:00', 'KZAyXgnZfZ7v7nI', null, 'https://s1.ticketm.net/dam/a/5f2/811a0e95-2929-478d-bc36-8784864195f2_1469761_EVENT_DETAIL_PAGE_16_9.jpg', null, 2, 2, true, null, null);
INSERT INTO events (event_id, event_name, local_date, local_time, event_type, promoter, image_url, please_note, venue_id, attraction_id, is_active, thumbs_up, thumbs_down) VALUES (106, 'Harry Potter and the Cursed Child - Parts 1 & 2 Sat 14:00 & 19:00', '2023-07-01', '13:00:00', 'KZAyXgnZfZ7v7nI', null, 'https://s1.ticketm.net/dam/a/5f2/811a0e95-2929-478d-bc36-8784864195f2_1469761_EVENT_DETAIL_PAGE_16_9.jpg', null, 2, 2, true, null, null);
INSERT INTO events (event_id, event_name, local_date, local_time, event_type, promoter, image_url, please_note, venue_id, attraction_id, is_active, thumbs_up, thumbs_down) VALUES (107, 'Harry Potter and the Cursed Child - Parts 1 & 2 Sat 14:00 & 19:00', '2023-07-08', '13:00:00', 'KZAyXgnZfZ7v7nI', null, 'https://s1.ticketm.net/dam/a/5f2/811a0e95-2929-478d-bc36-8784864195f2_1469761_EVENT_DETAIL_PAGE_16_9.jpg', null, 2, 2, true, null, null);
INSERT INTO events (event_id, event_name, local_date, local_time, event_type, promoter, image_url, please_note, venue_id, attraction_id, is_active, thumbs_up, thumbs_down) VALUES (108, 'Harry Potter and the Cursed Child - Parts 1 & 2 Sat 14:00 & 19:00', '2023-07-15', '13:00:00', 'KZAyXgnZfZ7v7nI', null, 'https://s1.ticketm.net/dam/a/5f2/811a0e95-2929-478d-bc36-8784864195f2_1469761_EVENT_DETAIL_PAGE_16_9.jpg', null, 2, 2, true, null, null);
INSERT INTO events (event_id, event_name, local_date, local_time, event_type, promoter, image_url, please_note, venue_id, attraction_id, is_active, thumbs_up, thumbs_down) VALUES (109, 'Harry Potter and the Cursed Child - Parts 1 & 2 Sun 13:00 & 18:00', '2022-09-11', '12:00:00', 'KZAyXgnZfZ7v7nI', null, 'https://s1.ticketm.net/dam/a/5f2/811a0e95-2929-478d-bc36-8784864195f2_1469761_EVENT_DETAIL_PAGE_16_9.jpg', null, 2, 2, true, null, null);
INSERT INTO events (event_id, event_name, local_date, local_time, event_type, promoter, image_url, please_note, venue_id, attraction_id, is_active, thumbs_up, thumbs_down) VALUES (110, 'Harry Potter and the Cursed Child - Parts 1 & 2 Sun 13:00 & 18:00', '2022-09-18', '12:00:00', 'KZAyXgnZfZ7v7nI', null, 'https://s1.ticketm.net/dam/a/5f2/811a0e95-2929-478d-bc36-8784864195f2_1469761_EVENT_DETAIL_PAGE_16_9.jpg', null, 2, 2, true, null, null);
INSERT INTO events (event_id, event_name, local_date, local_time, event_type, promoter, image_url, please_note, venue_id, attraction_id, is_active, thumbs_up, thumbs_down) VALUES (111, 'Harry Potter and the Cursed Child - Parts 1 & 2 Sun 13:00 & 18:00', '2022-09-25', '12:00:00', 'KZAyXgnZfZ7v7nI', null, 'https://s1.ticketm.net/dam/a/5f2/811a0e95-2929-478d-bc36-8784864195f2_1469761_EVENT_DETAIL_PAGE_16_9.jpg', null, 2, 2, true, null, null);
INSERT INTO events (event_id, event_name, local_date, local_time, event_type, promoter, image_url, please_note, venue_id, attraction_id, is_active, thumbs_up, thumbs_down) VALUES (112, 'Harry Potter and the Cursed Child - Parts 1 & 2 Sun 13:00 & 18:00', '2022-10-02', '12:00:00', 'KZAyXgnZfZ7v7nI', null, 'https://s1.ticketm.net/dam/a/5f2/811a0e95-2929-478d-bc36-8784864195f2_1469761_EVENT_DETAIL_PAGE_16_9.jpg', null, 2, 2, true, null, null);
INSERT INTO events (event_id, event_name, local_date, local_time, event_type, promoter, image_url, please_note, venue_id, attraction_id, is_active, thumbs_up, thumbs_down) VALUES (113, 'Harry Potter and the Cursed Child - Parts 1 & 2 Sun 13:00 & 18:00', '2022-10-09', '12:00:00', 'KZAyXgnZfZ7v7nI', null, 'https://s1.ticketm.net/dam/a/5f2/811a0e95-2929-478d-bc36-8784864195f2_1469761_EVENT_DETAIL_PAGE_16_9.jpg', null, 2, 2, true, null, null);
INSERT INTO events (event_id, event_name, local_date, local_time, event_type, promoter, image_url, please_note, venue_id, attraction_id, is_active, thumbs_up, thumbs_down) VALUES (114, 'Harry Potter and the Cursed Child - Parts 1 & 2 Sun 13:00 & 18:00', '2022-10-16', '12:00:00', 'KZAyXgnZfZ7v7nI', null, 'https://s1.ticketm.net/dam/a/5f2/811a0e95-2929-478d-bc36-8784864195f2_1469761_EVENT_DETAIL_PAGE_16_9.jpg', null, 2, 2, true, null, null);
INSERT INTO events (event_id, event_name, local_date, local_time, event_type, promoter, image_url, please_note, venue_id, attraction_id, is_active, thumbs_up, thumbs_down) VALUES (115, 'Harry Potter and the Cursed Child - Parts 1 & 2 Sun 13:00 & 18:00', '2022-10-23', '12:00:00', 'KZAyXgnZfZ7v7nI', null, 'https://s1.ticketm.net/dam/a/5f2/811a0e95-2929-478d-bc36-8784864195f2_1469761_EVENT_DETAIL_PAGE_16_9.jpg', null, 2, 2, true, null, null);
INSERT INTO events (event_id, event_name, local_date, local_time, event_type, promoter, image_url, please_note, venue_id, attraction_id, is_active, thumbs_up, thumbs_down) VALUES (116, 'Harry Potter and the Cursed Child - Parts 1 & 2 Sun 13:00 & 18:00', '2022-10-30', '13:00:00', 'KZAyXgnZfZ7v7nI', null, 'https://s1.ticketm.net/dam/a/5f2/811a0e95-2929-478d-bc36-8784864195f2_1469761_EVENT_DETAIL_PAGE_16_9.jpg', null, 2, 2, true, null, null);
INSERT INTO events (event_id, event_name, local_date, local_time, event_type, promoter, image_url, please_note, venue_id, attraction_id, is_active, thumbs_up, thumbs_down) VALUES (117, 'Harry Potter and the Cursed Child - Parts 1 & 2 Sun 13:00 & 18:00', '2022-11-06', '13:00:00', 'KZAyXgnZfZ7v7nI', null, 'https://s1.ticketm.net/dam/a/5f2/811a0e95-2929-478d-bc36-8784864195f2_1469761_EVENT_DETAIL_PAGE_16_9.jpg', null, 2, 2, true, null, null);
INSERT INTO events (event_id, event_name, local_date, local_time, event_type, promoter, image_url, please_note, venue_id, attraction_id, is_active, thumbs_up, thumbs_down) VALUES (118, 'Harry Potter and the Cursed Child - Parts 1 & 2 Sun 13:00 & 18:00', '2022-11-13', '13:00:00', 'KZAyXgnZfZ7v7nI', null, 'https://s1.ticketm.net/dam/a/5f2/811a0e95-2929-478d-bc36-8784864195f2_1469761_EVENT_DETAIL_PAGE_16_9.jpg', null, 2, 2, true, null, null);
INSERT INTO events (event_id, event_name, local_date, local_time, event_type, promoter, image_url, please_note, venue_id, attraction_id, is_active, thumbs_up, thumbs_down) VALUES (119, 'Harry Potter and the Cursed Child - Parts 1 & 2 Sun 13:00 & 18:00', '2022-11-20', '13:00:00', 'KZAyXgnZfZ7v7nI', null, 'https://s1.ticketm.net/dam/a/5f2/811a0e95-2929-478d-bc36-8784864195f2_1469761_EVENT_DETAIL_PAGE_16_9.jpg', null, 2, 2, true, null, null);
INSERT INTO events (event_id, event_name, local_date, local_time, event_type, promoter, image_url, please_note, venue_id, attraction_id, is_active, thumbs_up, thumbs_down) VALUES (120, 'Harry Potter and the Cursed Child - Parts 1 & 2 Sun 13:00 & 18:00', '2022-11-27', '13:00:00', 'KZAyXgnZfZ7v7nI', null, 'https://s1.ticketm.net/dam/a/5f2/811a0e95-2929-478d-bc36-8784864195f2_1469761_EVENT_DETAIL_PAGE_16_9.jpg', null, 2, 2, true, null, null);
INSERT INTO events (event_id, event_name, local_date, local_time, event_type, promoter, image_url, please_note, venue_id, attraction_id, is_active, thumbs_up, thumbs_down) VALUES (121, 'Harry Potter and the Cursed Child - Parts 1 & 2 Sun 13:00 & 18:00', '2022-12-04', '13:00:00', 'KZAyXgnZfZ7v7nI', null, 'https://s1.ticketm.net/dam/a/5f2/811a0e95-2929-478d-bc36-8784864195f2_1469761_EVENT_DETAIL_PAGE_16_9.jpg', null, 2, 2, true, null, null);
INSERT INTO events (event_id, event_name, local_date, local_time, event_type, promoter, image_url, please_note, venue_id, attraction_id, is_active, thumbs_up, thumbs_down) VALUES (122, 'Harry Potter and the Cursed Child - Parts 1 & 2 Sun 13:00 & 18:00', '2022-12-11', '13:00:00', 'KZAyXgnZfZ7v7nI', null, 'https://s1.ticketm.net/dam/a/5f2/811a0e95-2929-478d-bc36-8784864195f2_1469761_EVENT_DETAIL_PAGE_16_9.jpg', null, 2, 2, true, null, null);
INSERT INTO events (event_id, event_name, local_date, local_time, event_type, promoter, image_url, please_note, venue_id, attraction_id, is_active, thumbs_up, thumbs_down) VALUES (123, 'Harry Potter and the Cursed Child - Parts 1 & 2 Sun 13:00 & 18:00', '2022-12-18', '13:00:00', 'KZAyXgnZfZ7v7nI', null, 'https://s1.ticketm.net/dam/a/5f2/811a0e95-2929-478d-bc36-8784864195f2_1469761_EVENT_DETAIL_PAGE_16_9.jpg', null, 2, 2, true, null, null);
INSERT INTO events (event_id, event_name, local_date, local_time, event_type, promoter, image_url, please_note, venue_id, attraction_id, is_active, thumbs_up, thumbs_down) VALUES (124, 'Harry Potter and the Cursed Child - Parts 1 & 2 Sun 13:00 & 18:00', '2023-01-08', '13:00:00', 'KZAyXgnZfZ7v7nI', null, 'https://s1.ticketm.net/dam/a/5f2/811a0e95-2929-478d-bc36-8784864195f2_1469761_EVENT_DETAIL_PAGE_16_9.jpg', null, 2, 2, true, null, null);
INSERT INTO events (event_id, event_name, local_date, local_time, event_type, promoter, image_url, please_note, venue_id, attraction_id, is_active, thumbs_up, thumbs_down) VALUES (125, 'Harry Potter and the Cursed Child - Parts 1 & 2 Sun 13:00 & 18:00', '2023-04-02', '12:00:00', 'KZAyXgnZfZ7v7nI', null, 'https://s1.ticketm.net/dam/a/5f2/811a0e95-2929-478d-bc36-8784864195f2_1469761_EVENT_DETAIL_PAGE_16_9.jpg', null, 2, 2, true, null, null);
INSERT INTO events (event_id, event_name, local_date, local_time, event_type, promoter, image_url, please_note, venue_id, attraction_id, is_active, thumbs_up, thumbs_down) VALUES (126, 'Harry Potter and the Cursed Child - Parts 1 & 2 Sun 13:00 & 18:00', '2023-04-09', '12:00:00', 'KZAyXgnZfZ7v7nI', null, 'https://s1.ticketm.net/dam/a/5f2/811a0e95-2929-478d-bc36-8784864195f2_1469761_EVENT_DETAIL_PAGE_16_9.jpg', null, 2, 2, true, null, null);
INSERT INTO events (event_id, event_name, local_date, local_time, event_type, promoter, image_url, please_note, venue_id, attraction_id, is_active, thumbs_up, thumbs_down) VALUES (127, 'Harry Potter and the Cursed Child - Parts 1 & 2 Sun 13:00 & 18:00', '2023-04-16', '12:00:00', 'KZAyXgnZfZ7v7nI', null, 'https://s1.ticketm.net/dam/a/5f2/811a0e95-2929-478d-bc36-8784864195f2_1469761_EVENT_DETAIL_PAGE_16_9.jpg', null, 2, 2, true, null, null);
INSERT INTO events (event_id, event_name, local_date, local_time, event_type, promoter, image_url, please_note, venue_id, attraction_id, is_active, thumbs_up, thumbs_down) VALUES (128, 'Harry Potter and the Cursed Child - Parts 1 & 2 Sun 13:00 & 18:00', '2023-04-23', '12:00:00', 'KZAyXgnZfZ7v7nI', null, 'https://s1.ticketm.net/dam/a/5f2/811a0e95-2929-478d-bc36-8784864195f2_1469761_EVENT_DETAIL_PAGE_16_9.jpg', null, 2, 2, true, null, null);
INSERT INTO events (event_id, event_name, local_date, local_time, event_type, promoter, image_url, please_note, venue_id, attraction_id, is_active, thumbs_up, thumbs_down) VALUES (129, 'Harry Potter and the Cursed Child - Parts 1 & 2 Sun 13:00 & 18:00', '2023-04-30', '12:00:00', 'KZAyXgnZfZ7v7nI', null, 'https://s1.ticketm.net/dam/a/5f2/811a0e95-2929-478d-bc36-8784864195f2_1469761_EVENT_DETAIL_PAGE_16_9.jpg', null, 2, 2, true, null, null);
INSERT INTO events (event_id, event_name, local_date, local_time, event_type, promoter, image_url, please_note, venue_id, attraction_id, is_active, thumbs_up, thumbs_down) VALUES (130, 'Harry Potter and the Cursed Child - Parts 1 & 2 Sun 13:00 & 18:00', '2023-05-07', '12:00:00', 'KZAyXgnZfZ7v7nI', null, 'https://s1.ticketm.net/dam/a/5f2/811a0e95-2929-478d-bc36-8784864195f2_1469761_EVENT_DETAIL_PAGE_16_9.jpg', null, 2, 2, true, null, null);
INSERT INTO events (event_id, event_name, local_date, local_time, event_type, promoter, image_url, please_note, venue_id, attraction_id, is_active, thumbs_up, thumbs_down) VALUES (131, 'Harry Potter and the Cursed Child - Parts 1 & 2 Sun 13:00 & 18:00', '2023-05-14', '12:00:00', 'KZAyXgnZfZ7v7nI', null, 'https://s1.ticketm.net/dam/a/5f2/811a0e95-2929-478d-bc36-8784864195f2_1469761_EVENT_DETAIL_PAGE_16_9.jpg', null, 2, 2, true, null, null);
INSERT INTO events (event_id, event_name, local_date, local_time, event_type, promoter, image_url, please_note, venue_id, attraction_id, is_active, thumbs_up, thumbs_down) VALUES (132, 'Harry Potter and the Cursed Child - Parts 1 & 2 Sun 13:00 & 18:00', '2023-05-21', '12:00:00', 'KZAyXgnZfZ7v7nI', null, 'https://s1.ticketm.net/dam/a/5f2/811a0e95-2929-478d-bc36-8784864195f2_1469761_EVENT_DETAIL_PAGE_16_9.jpg', null, 2, 2, true, null, null);
INSERT INTO events (event_id, event_name, local_date, local_time, event_type, promoter, image_url, please_note, venue_id, attraction_id, is_active, thumbs_up, thumbs_down) VALUES (133, 'Harry Potter and the Cursed Child - Parts 1 & 2 Sun 13:00 & 18:00', '2023-05-28', '12:00:00', 'KZAyXgnZfZ7v7nI', null, 'https://s1.ticketm.net/dam/a/5f2/811a0e95-2929-478d-bc36-8784864195f2_1469761_EVENT_DETAIL_PAGE_16_9.jpg', null, 2, 2, true, null, null);
INSERT INTO events (event_id, event_name, local_date, local_time, event_type, promoter, image_url, please_note, venue_id, attraction_id, is_active, thumbs_up, thumbs_down) VALUES (134, 'Harry Potter and the Cursed Child - Parts 1 & 2 Sun 13:00 & 18:00', '2023-06-04', '12:00:00', 'KZAyXgnZfZ7v7nI', null, 'https://s1.ticketm.net/dam/a/5f2/811a0e95-2929-478d-bc36-8784864195f2_1469761_EVENT_DETAIL_PAGE_16_9.jpg', null, 2, 2, true, null, null);
INSERT INTO events (event_id, event_name, local_date, local_time, event_type, promoter, image_url, please_note, venue_id, attraction_id, is_active, thumbs_up, thumbs_down) VALUES (135, 'Harry Potter and the Cursed Child - Parts 1 & 2 Sun 13:00 & 18:00', '2023-06-11', '12:00:00', 'KZAyXgnZfZ7v7nI', null, 'https://s1.ticketm.net/dam/a/5f2/811a0e95-2929-478d-bc36-8784864195f2_1469761_EVENT_DETAIL_PAGE_16_9.jpg', null, 2, 2, true, null, null);
INSERT INTO events (event_id, event_name, local_date, local_time, event_type, promoter, image_url, please_note, venue_id, attraction_id, is_active, thumbs_up, thumbs_down) VALUES (136, 'Harry Potter and the Cursed Child - Parts 1 & 2 Sun 13:00 & 18:00', '2023-06-18', '12:00:00', 'KZAyXgnZfZ7v7nI', null, 'https://s1.ticketm.net/dam/a/5f2/811a0e95-2929-478d-bc36-8784864195f2_1469761_EVENT_DETAIL_PAGE_16_9.jpg', null, 2, 2, true, null, null);
INSERT INTO events (event_id, event_name, local_date, local_time, event_type, promoter, image_url, please_note, venue_id, attraction_id, is_active, thumbs_up, thumbs_down) VALUES (137, 'Harry Potter and the Cursed Child - Parts 1 & 2 Sun 13:00 & 18:00', '2023-06-25', '12:00:00', 'KZAyXgnZfZ7v7nI', null, 'https://s1.ticketm.net/dam/a/5f2/811a0e95-2929-478d-bc36-8784864195f2_1469761_EVENT_DETAIL_PAGE_16_9.jpg', null, 2, 2, true, null, null);
INSERT INTO events (event_id, event_name, local_date, local_time, event_type, promoter, image_url, please_note, venue_id, attraction_id, is_active, thumbs_up, thumbs_down) VALUES (138, 'Harry Potter and the Cursed Child - Parts 1 & 2 Sun 13:00 & 18:00', '2023-07-02', '12:00:00', 'KZAyXgnZfZ7v7nI', null, 'https://s1.ticketm.net/dam/a/5f2/811a0e95-2929-478d-bc36-8784864195f2_1469761_EVENT_DETAIL_PAGE_16_9.jpg', null, 2, 2, true, null, null);
INSERT INTO events (event_id, event_name, local_date, local_time, event_type, promoter, image_url, please_note, venue_id, attraction_id, is_active, thumbs_up, thumbs_down) VALUES (139, 'Harry Potter and the Cursed Child - Parts 1 & 2 Sun 13:00 & 18:00', '2023-07-09', '12:00:00', 'KZAyXgnZfZ7v7nI', null, 'https://s1.ticketm.net/dam/a/5f2/811a0e95-2929-478d-bc36-8784864195f2_1469761_EVENT_DETAIL_PAGE_16_9.jpg', null, 2, 2, true, null, null);
INSERT INTO events (event_id, event_name, local_date, local_time, event_type, promoter, image_url, please_note, venue_id, attraction_id, is_active, thumbs_up, thumbs_down) VALUES (140, 'Harry Potter and the Cursed Child - Parts 1 & 2 Sun 13:00 & 18:00', '2023-07-16', '12:00:00', 'KZAyXgnZfZ7v7nI', null, 'https://s1.ticketm.net/dam/a/5f2/811a0e95-2929-478d-bc36-8784864195f2_1469761_EVENT_DETAIL_PAGE_16_9.jpg', null, 2, 2, true, null, null);
INSERT INTO events (event_id, event_name, local_date, local_time, event_type, promoter, image_url, please_note, venue_id, attraction_id, is_active, thumbs_up, thumbs_down) VALUES (141, 'Harry Potter and the Cursed Child - Parts 1 & 2 Sun 14:00 & 19:00', '2023-01-01', '14:00:00', 'KZAyXgnZfZ7v7nI', null, 'https://s1.ticketm.net/dam/a/5f2/811a0e95-2929-478d-bc36-8784864195f2_1469761_EVENT_DETAIL_PAGE_16_9.jpg', null, 2, 2, true, null, null);
INSERT INTO events (event_id, event_name, local_date, local_time, event_type, promoter, image_url, please_note, venue_id, attraction_id, is_active, thumbs_up, thumbs_down) VALUES (142, 'Harry Potter and the Cursed Child - Parts 1 & 2 Sun 14:00 & 19:00', '2023-01-15', '13:00:00', 'KZAyXgnZfZ7v7nI', null, 'https://s1.ticketm.net/dam/a/5f2/811a0e95-2929-478d-bc36-8784864195f2_1469761_EVENT_DETAIL_PAGE_16_9.jpg', null, 2, 2, true, null, null);
INSERT INTO events (event_id, event_name, local_date, local_time, event_type, promoter, image_url, please_note, venue_id, attraction_id, is_active, thumbs_up, thumbs_down) VALUES (143, 'Harry Potter and the Cursed Child - Parts 1 & 2 Sun 14:00 & 19:00', '2023-01-22', '13:00:00', 'KZAyXgnZfZ7v7nI', null, 'https://s1.ticketm.net/dam/a/5f2/811a0e95-2929-478d-bc36-8784864195f2_1469761_EVENT_DETAIL_PAGE_16_9.jpg', null, 2, 2, true, null, null);
INSERT INTO events (event_id, event_name, local_date, local_time, event_type, promoter, image_url, please_note, venue_id, attraction_id, is_active, thumbs_up, thumbs_down) VALUES (144, 'Harry Potter and the Cursed Child - Parts 1 & 2 Sun 14:00 & 19:00', '2023-01-29', '13:00:00', 'KZAyXgnZfZ7v7nI', null, 'https://s1.ticketm.net/dam/a/5f2/811a0e95-2929-478d-bc36-8784864195f2_1469761_EVENT_DETAIL_PAGE_16_9.jpg', null, 2, 2, true, null, null);
INSERT INTO events (event_id, event_name, local_date, local_time, event_type, promoter, image_url, please_note, venue_id, attraction_id, is_active, thumbs_up, thumbs_down) VALUES (145, 'Harry Potter and the Cursed Child - Parts 1 & 2 Sun 14:00 & 19:00', '2023-02-05', '13:00:00', 'KZAyXgnZfZ7v7nI', null, 'https://s1.ticketm.net/dam/a/5f2/811a0e95-2929-478d-bc36-8784864195f2_1469761_EVENT_DETAIL_PAGE_16_9.jpg', null, 2, 2, true, null, null);
INSERT INTO events (event_id, event_name, local_date, local_time, event_type, promoter, image_url, please_note, venue_id, attraction_id, is_active, thumbs_up, thumbs_down) VALUES (146, 'Harry Potter and the Cursed Child - Parts 1 & 2 Sun 14:00 & 19:00', '2023-02-12', '13:00:00', 'KZAyXgnZfZ7v7nI', null, 'https://s1.ticketm.net/dam/a/5f2/811a0e95-2929-478d-bc36-8784864195f2_1469761_EVENT_DETAIL_PAGE_16_9.jpg', null, 2, 2, true, null, null);
INSERT INTO events (event_id, event_name, local_date, local_time, event_type, promoter, image_url, please_note, venue_id, attraction_id, is_active, thumbs_up, thumbs_down) VALUES (147, 'Harry Potter and the Cursed Child - Parts 1 & 2 Sun 14:00 & 19:00', '2023-02-19', '13:00:00', 'KZAyXgnZfZ7v7nI', null, 'https://s1.ticketm.net/dam/a/5f2/811a0e95-2929-478d-bc36-8784864195f2_1469761_EVENT_DETAIL_PAGE_16_9.jpg', null, 2, 2, true, null, null);
INSERT INTO events (event_id, event_name, local_date, local_time, event_type, promoter, image_url, please_note, venue_id, attraction_id, is_active, thumbs_up, thumbs_down) VALUES (148, 'Harry Potter and the Cursed Child - Parts 1 & 2 Sun 14:00 & 19:00', '2023-02-26', '13:00:00', 'KZAyXgnZfZ7v7nI', null, 'https://s1.ticketm.net/dam/a/5f2/811a0e95-2929-478d-bc36-8784864195f2_1469761_EVENT_DETAIL_PAGE_16_9.jpg', null, 2, 2, true, null, null);
INSERT INTO events (event_id, event_name, local_date, local_time, event_type, promoter, image_url, please_note, venue_id, attraction_id, is_active, thumbs_up, thumbs_down) VALUES (149, 'Harry Potter and the Cursed Child - Parts 1 & 2 Sun 14:00 & 19:00', '2023-03-05', '13:00:00', 'KZAyXgnZfZ7v7nI', null, 'https://s1.ticketm.net/dam/a/5f2/811a0e95-2929-478d-bc36-8784864195f2_1469761_EVENT_DETAIL_PAGE_16_9.jpg', null, 2, 2, true, null, null);
INSERT INTO events (event_id, event_name, local_date, local_time, event_type, promoter, image_url, please_note, venue_id, attraction_id, is_active, thumbs_up, thumbs_down) VALUES (150, 'Harry Potter and the Cursed Child - Parts 1 & 2 Sun 14:00 & 19:00', '2023-03-12', '13:00:00', 'KZAyXgnZfZ7v7nI', null, 'https://s1.ticketm.net/dam/a/5f2/811a0e95-2929-478d-bc36-8784864195f2_1469761_EVENT_DETAIL_PAGE_16_9.jpg', null, 2, 2, true, null, null);
INSERT INTO events (event_id, event_name, local_date, local_time, event_type, promoter, image_url, please_note, venue_id, attraction_id, is_active, thumbs_up, thumbs_down) VALUES (151, 'Harry Potter and the Cursed Child - Parts 1 & 2 Sun 14:00 & 19:00', '2023-03-19', '13:00:00', 'KZAyXgnZfZ7v7nI', null, 'https://s1.ticketm.net/dam/a/5f2/811a0e95-2929-478d-bc36-8784864195f2_1469761_EVENT_DETAIL_PAGE_16_9.jpg', null, 2, 2, true, null, null);
INSERT INTO events (event_id, event_name, local_date, local_time, event_type, promoter, image_url, please_note, venue_id, attraction_id, is_active, thumbs_up, thumbs_down) VALUES (152, 'Harry Potter and the Cursed Child - Parts 1 & 2 Sun 14:00 & 19:00', '2023-03-26', '12:00:00', 'KZAyXgnZfZ7v7nI', null, 'https://s1.ticketm.net/dam/a/5f2/811a0e95-2929-478d-bc36-8784864195f2_1469761_EVENT_DETAIL_PAGE_16_9.jpg', null, 2, 2, true, null, null);
INSERT INTO events (event_id, event_name, local_date, local_time, event_type, promoter, image_url, please_note, venue_id, attraction_id, is_active, thumbs_up, thumbs_down) VALUES (153, 'Harry Potter and the Cursed Child - Parts 1 & 2 Thu 14:00 & 19:00', '2022-12-22', '14:00:00', 'KZAyXgnZfZ7v7nI', null, 'https://s1.ticketm.net/dam/a/5f2/811a0e95-2929-478d-bc36-8784864195f2_1469761_EVENT_DETAIL_PAGE_16_9.jpg', null, 2, 2, true, null, null);
INSERT INTO events (event_id, event_name, local_date, local_time, event_type, promoter, image_url, please_note, venue_id, attraction_id, is_active, thumbs_up, thumbs_down) VALUES (154, 'Harry Potter and the Cursed Child - Parts 1 & 2 Tue 14:00 & 19:00', '2022-12-27', '14:00:00', 'KZAyXgnZfZ7v7nI', null, 'https://s1.ticketm.net/dam/a/5f2/811a0e95-2929-478d-bc36-8784864195f2_1469761_EVENT_DETAIL_PAGE_16_9.jpg', null, 2, 2, true, null, null);
INSERT INTO events (event_id, event_name, local_date, local_time, event_type, promoter, image_url, please_note, venue_id, attraction_id, is_active, thumbs_up, thumbs_down) VALUES (155, 'Harry Potter and the Cursed Child - Parts 1 & 2 Wed 14:00 & 19:00', '2022-09-14', '13:00:00', 'KZAyXgnZfZ7v7nI', null, 'https://s1.ticketm.net/dam/a/5f2/811a0e95-2929-478d-bc36-8784864195f2_1469761_EVENT_DETAIL_PAGE_16_9.jpg', null, 2, 2, true, null, null);
INSERT INTO events (event_id, event_name, local_date, local_time, event_type, promoter, image_url, please_note, venue_id, attraction_id, is_active, thumbs_up, thumbs_down) VALUES (156, 'Harry Potter and the Cursed Child - Parts 1 & 2 Wed 14:00 & 19:00', '2022-09-21', '13:00:00', 'KZAyXgnZfZ7v7nI', null, 'https://s1.ticketm.net/dam/a/5f2/811a0e95-2929-478d-bc36-8784864195f2_1469761_EVENT_DETAIL_PAGE_16_9.jpg', null, 2, 2, true, null, null);
INSERT INTO events (event_id, event_name, local_date, local_time, event_type, promoter, image_url, please_note, venue_id, attraction_id, is_active, thumbs_up, thumbs_down) VALUES (157, 'Harry Potter and the Cursed Child - Parts 1 & 2 Wed 14:00 & 19:00', '2022-09-28', '13:00:00', 'KZAyXgnZfZ7v7nI', null, 'https://s1.ticketm.net/dam/a/5f2/811a0e95-2929-478d-bc36-8784864195f2_1469761_EVENT_DETAIL_PAGE_16_9.jpg', null, 2, 2, true, null, null);
INSERT INTO events (event_id, event_name, local_date, local_time, event_type, promoter, image_url, please_note, venue_id, attraction_id, is_active, thumbs_up, thumbs_down) VALUES (158, 'Harry Potter and the Cursed Child - Parts 1 & 2 Wed 14:00 & 19:00', '2022-10-05', '13:00:00', 'KZAyXgnZfZ7v7nI', null, 'https://s1.ticketm.net/dam/a/5f2/811a0e95-2929-478d-bc36-8784864195f2_1469761_EVENT_DETAIL_PAGE_16_9.jpg', null, 2, 2, true, null, null);
INSERT INTO events (event_id, event_name, local_date, local_time, event_type, promoter, image_url, please_note, venue_id, attraction_id, is_active, thumbs_up, thumbs_down) VALUES (159, 'Harry Potter and the Cursed Child - Parts 1 & 2 Wed 14:00 & 19:00', '2022-10-19', '13:00:00', 'KZAyXgnZfZ7v7nI', null, 'https://s1.ticketm.net/dam/a/5f2/811a0e95-2929-478d-bc36-8784864195f2_1469761_EVENT_DETAIL_PAGE_16_9.jpg', null, 2, 2, true, null, null);
INSERT INTO events (event_id, event_name, local_date, local_time, event_type, promoter, image_url, please_note, venue_id, attraction_id, is_active, thumbs_up, thumbs_down) VALUES (160, 'Harry Potter and the Cursed Child - Parts 1 & 2 Wed 14:00 & 19:00', '2022-10-26', '13:00:00', 'KZAyXgnZfZ7v7nI', null, 'https://s1.ticketm.net/dam/a/5f2/811a0e95-2929-478d-bc36-8784864195f2_1469761_EVENT_DETAIL_PAGE_16_9.jpg', null, 2, 2, true, null, null);
INSERT INTO events (event_id, event_name, local_date, local_time, event_type, promoter, image_url, please_note, venue_id, attraction_id, is_active, thumbs_up, thumbs_down) VALUES (161, 'Harry Potter and the Cursed Child - Parts 1 & 2 Wed 14:00 & 19:00', '2022-11-02', '14:00:00', 'KZAyXgnZfZ7v7nI', null, 'https://s1.ticketm.net/dam/a/5f2/811a0e95-2929-478d-bc36-8784864195f2_1469761_EVENT_DETAIL_PAGE_16_9.jpg', null, 2, 2, true, null, null);
INSERT INTO events (event_id, event_name, local_date, local_time, event_type, promoter, image_url, please_note, venue_id, attraction_id, is_active, thumbs_up, thumbs_down) VALUES (162, 'Harry Potter and the Cursed Child - Parts 1 & 2 Wed 14:00 & 19:00', '2022-11-09', '14:00:00', 'KZAyXgnZfZ7v7nI', null, 'https://s1.ticketm.net/dam/a/5f2/811a0e95-2929-478d-bc36-8784864195f2_1469761_EVENT_DETAIL_PAGE_16_9.jpg', null, 2, 2, true, null, null);
INSERT INTO events (event_id, event_name, local_date, local_time, event_type, promoter, image_url, please_note, venue_id, attraction_id, is_active, thumbs_up, thumbs_down) VALUES (163, 'Harry Potter and the Cursed Child - Parts 1 & 2 Wed 14:00 & 19:00', '2022-11-16', '14:00:00', 'KZAyXgnZfZ7v7nI', null, 'https://s1.ticketm.net/dam/a/5f2/811a0e95-2929-478d-bc36-8784864195f2_1469761_EVENT_DETAIL_PAGE_16_9.jpg', null, 2, 2, true, null, null);
INSERT INTO events (event_id, event_name, local_date, local_time, event_type, promoter, image_url, please_note, venue_id, attraction_id, is_active, thumbs_up, thumbs_down) VALUES (164, 'Harry Potter and the Cursed Child - Parts 1 & 2 Wed 14:00 & 19:00', '2022-11-23', '14:00:00', 'KZAyXgnZfZ7v7nI', null, 'https://s1.ticketm.net/dam/a/5f2/811a0e95-2929-478d-bc36-8784864195f2_1469761_EVENT_DETAIL_PAGE_16_9.jpg', null, 2, 2, true, null, null);
INSERT INTO events (event_id, event_name, local_date, local_time, event_type, promoter, image_url, please_note, venue_id, attraction_id, is_active, thumbs_up, thumbs_down) VALUES (165, 'Harry Potter and the Cursed Child - Parts 1 & 2 Wed 14:00 & 19:00', '2022-11-30', '14:00:00', 'KZAyXgnZfZ7v7nI', null, 'https://s1.ticketm.net/dam/a/5f2/811a0e95-2929-478d-bc36-8784864195f2_1469761_EVENT_DETAIL_PAGE_16_9.jpg', null, 2, 2, true, null, null);
INSERT INTO events (event_id, event_name, local_date, local_time, event_type, promoter, image_url, please_note, venue_id, attraction_id, is_active, thumbs_up, thumbs_down) VALUES (166, 'Harry Potter and the Cursed Child - Parts 1 & 2 Wed 14:00 & 19:00', '2022-12-07', '14:00:00', 'KZAyXgnZfZ7v7nI', null, 'https://s1.ticketm.net/dam/a/5f2/811a0e95-2929-478d-bc36-8784864195f2_1469761_EVENT_DETAIL_PAGE_16_9.jpg', null, 2, 2, true, null, null);
INSERT INTO events (event_id, event_name, local_date, local_time, event_type, promoter, image_url, please_note, venue_id, attraction_id, is_active, thumbs_up, thumbs_down) VALUES (167, 'Harry Potter and the Cursed Child - Parts 1 & 2 Wed 14:00 & 19:00', '2022-12-14', '14:00:00', 'KZAyXgnZfZ7v7nI', null, 'https://s1.ticketm.net/dam/a/5f2/811a0e95-2929-478d-bc36-8784864195f2_1469761_EVENT_DETAIL_PAGE_16_9.jpg', null, 2, 2, true, null, null);
INSERT INTO events (event_id, event_name, local_date, local_time, event_type, promoter, image_url, please_note, venue_id, attraction_id, is_active, thumbs_up, thumbs_down) VALUES (168, 'Harry Potter and the Cursed Child - Parts 1 & 2 Wed 14:00 & 19:00', '2022-12-21', '14:00:00', 'KZAyXgnZfZ7v7nI', null, 'https://s1.ticketm.net/dam/a/5f2/811a0e95-2929-478d-bc36-8784864195f2_1469761_EVENT_DETAIL_PAGE_16_9.jpg', null, 2, 2, true, null, null);
INSERT INTO events (event_id, event_name, local_date, local_time, event_type, promoter, image_url, please_note, venue_id, attraction_id, is_active, thumbs_up, thumbs_down) VALUES (169, 'Harry Potter and the Cursed Child - Parts 1 & 2 Wed 14:00 & 19:00', '2022-12-28', '14:00:00', 'KZAyXgnZfZ7v7nI', null, 'https://s1.ticketm.net/dam/a/5f2/811a0e95-2929-478d-bc36-8784864195f2_1469761_EVENT_DETAIL_PAGE_16_9.jpg', null, 2, 2, true, null, null);
INSERT INTO events (event_id, event_name, local_date, local_time, event_type, promoter, image_url, please_note, venue_id, attraction_id, is_active, thumbs_up, thumbs_down) VALUES (170, 'Harry Potter and the Cursed Child - Parts 1 & 2 Wed 14:00 & 19:00', '2023-01-04', '14:00:00', 'KZAyXgnZfZ7v7nI', null, 'https://s1.ticketm.net/dam/a/5f2/811a0e95-2929-478d-bc36-8784864195f2_1469761_EVENT_DETAIL_PAGE_16_9.jpg', null, 2, 2, true, null, null);
INSERT INTO events (event_id, event_name, local_date, local_time, event_type, promoter, image_url, please_note, venue_id, attraction_id, is_active, thumbs_up, thumbs_down) VALUES (171, 'Harry Potter and the Cursed Child - Parts 1 & 2 Wed 14:00 & 19:00', '2023-01-11', '14:00:00', 'KZAyXgnZfZ7v7nI', null, 'https://s1.ticketm.net/dam/a/5f2/811a0e95-2929-478d-bc36-8784864195f2_1469761_EVENT_DETAIL_PAGE_16_9.jpg', null, 2, 2, true, null, null);
INSERT INTO events (event_id, event_name, local_date, local_time, event_type, promoter, image_url, please_note, venue_id, attraction_id, is_active, thumbs_up, thumbs_down) VALUES (172, 'Harry Potter and the Cursed Child - Parts 1 & 2 Wed 14:00 & 19:00', '2023-01-18', '14:00:00', 'KZAyXgnZfZ7v7nI', null, 'https://s1.ticketm.net/dam/a/5f2/811a0e95-2929-478d-bc36-8784864195f2_1469761_EVENT_DETAIL_PAGE_16_9.jpg', null, 2, 2, true, null, null);
INSERT INTO events (event_id, event_name, local_date, local_time, event_type, promoter, image_url, please_note, venue_id, attraction_id, is_active, thumbs_up, thumbs_down) VALUES (173, 'Harry Potter and the Cursed Child - Parts 1 & 2 Wed 14:00 & 19:00', '2023-01-25', '14:00:00', 'KZAyXgnZfZ7v7nI', null, 'https://s1.ticketm.net/dam/a/5f2/811a0e95-2929-478d-bc36-8784864195f2_1469761_EVENT_DETAIL_PAGE_16_9.jpg', null, 2, 2, true, null, null);
INSERT INTO events (event_id, event_name, local_date, local_time, event_type, promoter, image_url, please_note, venue_id, attraction_id, is_active, thumbs_up, thumbs_down) VALUES (174, 'Harry Potter and the Cursed Child - Parts 1 & 2 Wed 14:00 & 19:00', '2023-02-01', '14:00:00', 'KZAyXgnZfZ7v7nI', null, 'https://s1.ticketm.net/dam/a/5f2/811a0e95-2929-478d-bc36-8784864195f2_1469761_EVENT_DETAIL_PAGE_16_9.jpg', null, 2, 2, true, null, null);
INSERT INTO events (event_id, event_name, local_date, local_time, event_type, promoter, image_url, please_note, venue_id, attraction_id, is_active, thumbs_up, thumbs_down) VALUES (175, 'Harry Potter and the Cursed Child - Parts 1 & 2 Wed 14:00 & 19:00', '2023-02-08', '14:00:00', 'KZAyXgnZfZ7v7nI', null, 'https://s1.ticketm.net/dam/a/5f2/811a0e95-2929-478d-bc36-8784864195f2_1469761_EVENT_DETAIL_PAGE_16_9.jpg', null, 2, 2, true, null, null);
INSERT INTO events (event_id, event_name, local_date, local_time, event_type, promoter, image_url, please_note, venue_id, attraction_id, is_active, thumbs_up, thumbs_down) VALUES (176, 'Harry Potter and the Cursed Child - Parts 1 & 2 Wed 14:00 & 19:00', '2023-02-15', '14:00:00', 'KZAyXgnZfZ7v7nI', null, 'https://s1.ticketm.net/dam/a/5f2/811a0e95-2929-478d-bc36-8784864195f2_1469761_EVENT_DETAIL_PAGE_16_9.jpg', null, 2, 2, true, null, null);
INSERT INTO events (event_id, event_name, local_date, local_time, event_type, promoter, image_url, please_note, venue_id, attraction_id, is_active, thumbs_up, thumbs_down) VALUES (177, 'Harry Potter and the Cursed Child - Parts 1 & 2 Wed 14:00 & 19:00', '2023-02-22', '14:00:00', 'KZAyXgnZfZ7v7nI', null, 'https://s1.ticketm.net/dam/a/5f2/811a0e95-2929-478d-bc36-8784864195f2_1469761_EVENT_DETAIL_PAGE_16_9.jpg', null, 2, 2, true, null, null);
INSERT INTO events (event_id, event_name, local_date, local_time, event_type, promoter, image_url, please_note, venue_id, attraction_id, is_active, thumbs_up, thumbs_down) VALUES (178, 'Harry Potter and the Cursed Child - Parts 1 & 2 Wed 14:00 & 19:00', '2023-03-01', '14:00:00', 'KZAyXgnZfZ7v7nI', null, 'https://s1.ticketm.net/dam/a/5f2/811a0e95-2929-478d-bc36-8784864195f2_1469761_EVENT_DETAIL_PAGE_16_9.jpg', null, 2, 2, true, null, null);
INSERT INTO events (event_id, event_name, local_date, local_time, event_type, promoter, image_url, please_note, venue_id, attraction_id, is_active, thumbs_up, thumbs_down) VALUES (179, 'Harry Potter and the Cursed Child - Parts 1 & 2 Wed 14:00 & 19:00', '2023-03-08', '14:00:00', 'KZAyXgnZfZ7v7nI', null, 'https://s1.ticketm.net/dam/a/5f2/811a0e95-2929-478d-bc36-8784864195f2_1469761_EVENT_DETAIL_PAGE_16_9.jpg', null, 2, 2, true, null, null);
INSERT INTO events (event_id, event_name, local_date, local_time, event_type, promoter, image_url, please_note, venue_id, attraction_id, is_active, thumbs_up, thumbs_down) VALUES (180, 'Harry Potter and the Cursed Child - Parts 1 & 2 Wed 14:00 & 19:00', '2023-03-15', '14:00:00', 'KZAyXgnZfZ7v7nI', null, 'https://s1.ticketm.net/dam/a/5f2/811a0e95-2929-478d-bc36-8784864195f2_1469761_EVENT_DETAIL_PAGE_16_9.jpg', null, 2, 2, true, null, null);
INSERT INTO events (event_id, event_name, local_date, local_time, event_type, promoter, image_url, please_note, venue_id, attraction_id, is_active, thumbs_up, thumbs_down) VALUES (181, 'Harry Potter and the Cursed Child - Parts 1 & 2 Wed 14:00 & 19:00', '2023-03-22', '14:00:00', 'KZAyXgnZfZ7v7nI', null, 'https://s1.ticketm.net/dam/a/5f2/811a0e95-2929-478d-bc36-8784864195f2_1469761_EVENT_DETAIL_PAGE_16_9.jpg', null, 2, 2, true, null, null);
INSERT INTO events (event_id, event_name, local_date, local_time, event_type, promoter, image_url, please_note, venue_id, attraction_id, is_active, thumbs_up, thumbs_down) VALUES (182, 'Harry Potter and the Cursed Child - Parts 1 & 2 Wed 14:00 & 19:00', '2023-03-29', '13:00:00', 'KZAyXgnZfZ7v7nI', null, 'https://s1.ticketm.net/dam/a/5f2/811a0e95-2929-478d-bc36-8784864195f2_1469761_EVENT_DETAIL_PAGE_16_9.jpg', null, 2, 2, true, null, null);
INSERT INTO events (event_id, event_name, local_date, local_time, event_type, promoter, image_url, please_note, venue_id, attraction_id, is_active, thumbs_up, thumbs_down) VALUES (183, 'Harry Potter and the Cursed Child - Parts 1 & 2 Wed 14:00 & 19:00', '2023-04-05', '13:00:00', 'KZAyXgnZfZ7v7nI', null, 'https://s1.ticketm.net/dam/a/5f2/811a0e95-2929-478d-bc36-8784864195f2_1469761_EVENT_DETAIL_PAGE_16_9.jpg', null, 2, 2, true, null, null);
INSERT INTO events (event_id, event_name, local_date, local_time, event_type, promoter, image_url, please_note, venue_id, attraction_id, is_active, thumbs_up, thumbs_down) VALUES (184, 'Harry Potter and the Cursed Child - Parts 1 & 2 Wed 14:00 & 19:00', '2023-04-12', '13:00:00', 'KZAyXgnZfZ7v7nI', null, 'https://s1.ticketm.net/dam/a/5f2/811a0e95-2929-478d-bc36-8784864195f2_1469761_EVENT_DETAIL_PAGE_16_9.jpg', null, 2, 2, true, null, null);
INSERT INTO events (event_id, event_name, local_date, local_time, event_type, promoter, image_url, please_note, venue_id, attraction_id, is_active, thumbs_up, thumbs_down) VALUES (185, 'Harry Potter and the Cursed Child - Parts 1 & 2 Wed 14:00 & 19:00', '2023-04-19', '13:00:00', 'KZAyXgnZfZ7v7nI', null, 'https://s1.ticketm.net/dam/a/5f2/811a0e95-2929-478d-bc36-8784864195f2_1469761_EVENT_DETAIL_PAGE_16_9.jpg', null, 2, 2, true, null, null);
INSERT INTO events (event_id, event_name, local_date, local_time, event_type, promoter, image_url, please_note, venue_id, attraction_id, is_active, thumbs_up, thumbs_down) VALUES (186, 'Harry Potter and the Cursed Child - Parts 1 & 2 Wed 14:00 & 19:00', '2023-04-26', '13:00:00', 'KZAyXgnZfZ7v7nI', null, 'https://s1.ticketm.net/dam/a/5f2/811a0e95-2929-478d-bc36-8784864195f2_1469761_EVENT_DETAIL_PAGE_16_9.jpg', null, 2, 2, true, null, null);
INSERT INTO events (event_id, event_name, local_date, local_time, event_type, promoter, image_url, please_note, venue_id, attraction_id, is_active, thumbs_up, thumbs_down) VALUES (187, 'Harry Potter and the Cursed Child - Parts 1 & 2 Wed 14:00 & 19:00', '2023-05-03', '13:00:00', 'KZAyXgnZfZ7v7nI', null, 'https://s1.ticketm.net/dam/a/5f2/811a0e95-2929-478d-bc36-8784864195f2_1469761_EVENT_DETAIL_PAGE_16_9.jpg', null, 2, 2, true, null, null);
INSERT INTO events (event_id, event_name, local_date, local_time, event_type, promoter, image_url, please_note, venue_id, attraction_id, is_active, thumbs_up, thumbs_down) VALUES (188, 'Harry Potter and the Cursed Child - Parts 1 & 2 Wed 14:00 & 19:00', '2023-05-10', '13:00:00', 'KZAyXgnZfZ7v7nI', null, 'https://s1.ticketm.net/dam/a/5f2/811a0e95-2929-478d-bc36-8784864195f2_1469761_EVENT_DETAIL_PAGE_16_9.jpg', null, 2, 2, true, null, null);
INSERT INTO events (event_id, event_name, local_date, local_time, event_type, promoter, image_url, please_note, venue_id, attraction_id, is_active, thumbs_up, thumbs_down) VALUES (189, 'Harry Potter and the Cursed Child - Parts 1 & 2 Wed 14:00 & 19:00', '2023-05-17', '13:00:00', 'KZAyXgnZfZ7v7nI', null, 'https://s1.ticketm.net/dam/a/5f2/811a0e95-2929-478d-bc36-8784864195f2_1469761_EVENT_DETAIL_PAGE_16_9.jpg', null, 2, 2, true, null, null);
INSERT INTO events (event_id, event_name, local_date, local_time, event_type, promoter, image_url, please_note, venue_id, attraction_id, is_active, thumbs_up, thumbs_down) VALUES (190, 'Harry Potter and the Cursed Child - Parts 1 & 2 Wed 14:00 & 19:00', '2023-05-24', '13:00:00', 'KZAyXgnZfZ7v7nI', null, 'https://s1.ticketm.net/dam/a/5f2/811a0e95-2929-478d-bc36-8784864195f2_1469761_EVENT_DETAIL_PAGE_16_9.jpg', null, 2, 2, true, null, null);
INSERT INTO events (event_id, event_name, local_date, local_time, event_type, promoter, image_url, please_note, venue_id, attraction_id, is_active, thumbs_up, thumbs_down) VALUES (191, 'Harry Potter and the Cursed Child - Parts 1 & 2 Wed 14:00 & 19:00', '2023-05-31', '13:00:00', 'KZAyXgnZfZ7v7nI', null, 'https://s1.ticketm.net/dam/a/5f2/811a0e95-2929-478d-bc36-8784864195f2_1469761_EVENT_DETAIL_PAGE_16_9.jpg', null, 2, 2, true, null, null);
INSERT INTO events (event_id, event_name, local_date, local_time, event_type, promoter, image_url, please_note, venue_id, attraction_id, is_active, thumbs_up, thumbs_down) VALUES (192, 'Harry Potter and the Cursed Child - Parts 1 & 2 Wed 14:00 & 19:00', '2023-06-07', '13:00:00', 'KZAyXgnZfZ7v7nI', null, 'https://s1.ticketm.net/dam/a/5f2/811a0e95-2929-478d-bc36-8784864195f2_1469761_EVENT_DETAIL_PAGE_16_9.jpg', null, 2, 2, true, null, null);
INSERT INTO events (event_id, event_name, local_date, local_time, event_type, promoter, image_url, please_note, venue_id, attraction_id, is_active, thumbs_up, thumbs_down) VALUES (193, 'Harry Potter and the Cursed Child - Parts 1 & 2 Wed 14:00 & 19:00', '2023-06-14', '13:00:00', 'KZAyXgnZfZ7v7nI', null, 'https://s1.ticketm.net/dam/a/5f2/811a0e95-2929-478d-bc36-8784864195f2_1469761_EVENT_DETAIL_PAGE_16_9.jpg', null, 2, 2, true, null, null);
INSERT INTO events (event_id, event_name, local_date, local_time, event_type, promoter, image_url, please_note, venue_id, attraction_id, is_active, thumbs_up, thumbs_down) VALUES (194, 'Harry Potter and the Cursed Child - Parts 1 & 2 Wed 14:00 & 19:00', '2023-06-21', '13:00:00', 'KZAyXgnZfZ7v7nI', null, 'https://s1.ticketm.net/dam/a/5f2/811a0e95-2929-478d-bc36-8784864195f2_1469761_EVENT_DETAIL_PAGE_16_9.jpg', null, 2, 2, true, null, null);
INSERT INTO events (event_id, event_name, local_date, local_time, event_type, promoter, image_url, please_note, venue_id, attraction_id, is_active, thumbs_up, thumbs_down) VALUES (195, 'Harry Potter and the Cursed Child - Parts 1 & 2 Wed 14:00 & 19:00', '2023-06-28', '13:00:00', 'KZAyXgnZfZ7v7nI', null, 'https://s1.ticketm.net/dam/a/5f2/811a0e95-2929-478d-bc36-8784864195f2_1469761_EVENT_DETAIL_PAGE_16_9.jpg', null, 2, 2, true, null, null);
INSERT INTO events (event_id, event_name, local_date, local_time, event_type, promoter, image_url, please_note, venue_id, attraction_id, is_active, thumbs_up, thumbs_down) VALUES (196, 'Harry Potter and the Cursed Child - Parts 1 & 2 Wed 14:00 & 19:00', '2023-07-05', '13:00:00', 'KZAyXgnZfZ7v7nI', null, 'https://s1.ticketm.net/dam/a/5f2/811a0e95-2929-478d-bc36-8784864195f2_1469761_EVENT_DETAIL_PAGE_16_9.jpg', null, 2, 2, true, null, null);
INSERT INTO events (event_id, event_name, local_date, local_time, event_type, promoter, image_url, please_note, venue_id, attraction_id, is_active, thumbs_up, thumbs_down) VALUES (197, 'Harry Potter and the Cursed Child - Parts 1 & 2 Wed 14:00 & 19:00', '2023-07-12', '13:00:00', 'KZAyXgnZfZ7v7nI', null, 'https://s1.ticketm.net/dam/a/5f2/811a0e95-2929-478d-bc36-8784864195f2_1469761_EVENT_DETAIL_PAGE_16_9.jpg', null, 2, 2, true, null, null);
INSERT INTO events (event_id, event_name, local_date, local_time, event_type, promoter, image_url, please_note, venue_id, attraction_id, is_active, thumbs_up, thumbs_down) VALUES (198, 'Harry Potter and the Cursed Child - Parts 1 & 2 Wed 14:00 & 19:00', '2023-07-19', '13:00:00', 'KZAyXgnZfZ7v7nI', null, 'https://s1.ticketm.net/dam/a/5f2/811a0e95-2929-478d-bc36-8784864195f2_1469761_EVENT_DETAIL_PAGE_16_9.jpg', null, 2, 2, true, null, null);
INSERT INTO events (event_id, event_name, local_date, local_time, event_type, promoter, image_url, please_note, venue_id, attraction_id, is_active, thumbs_up, thumbs_down) VALUES (199, 'Minnesota Vikings v New Orleans Saints', '2022-10-02', '13:00:00', 'KZAyXgnZfZ7v7l1', null, 'https://s1.ticketm.net/dam/a/0ba/464eb6f9-96d0-4556-bcbc-3cc36d9590ba_1435051_RETINA_PORTRAIT_3_2.jpg', null, 3, 3, true, null, null);
INSERT INTO events (event_id, event_name, local_date, local_time, event_type, promoter, image_url, please_note, venue_id, attraction_id, is_active, thumbs_up, thumbs_down) VALUES (200, 'New York Giants v Green Bay Packers', '2022-10-09', '13:00:00', 'KZAyXgnZfZ7v7l1', null, 'https://s1.ticketm.net/dam/a/0ba/464eb6f9-96d0-4556-bcbc-3cc36d9590ba_1435051_RETINA_PORTRAIT_3_2.jpg', null, 3, 3, true, null, null);
